Modified sequence	Proteins	Experiment01	Experiment02
GRRES(ph)ESS(ph)RSS(ph)R	A0A0U1RR71;A1L390;A1L390-2;A1L390-3	-2.0290012866	-0.7821387965
RGDS(ph)QECS(ph)PR	Q13111;Q13111-2;Q13111-3	0.9326242608	-0.9014772624
RKCS(ph)QTQCPR	H3BRN3;H3BT57;H3BUJ5;H3BVD2;P29590;P29590-11;P29590-12;P29590-2;P29590-3;P29590-4;P29590-5;P29590-8;P29590-9	-3.7733852102	-0.4656924088
NRS(ph)SDGGSEEPPDR	Q9HCD6;Q9HCD6-2;Q9HCD6-3;Q9HCD6-4	-0.8988090912	1.3228856563
S(ph)NRNS(ph)IER	Q8TF01	-1.4050511107	-2.4525454431
RS(ph)VGSDE	C9JBX5;E9PAL7;P43307;P43307-2	-1.2895137775	-2.2462854621
SS(ph)DGGSEEPPDR	Q9HCD6;Q9HCD6-2;Q9HCD6-3;Q9HCD6-4	-2.4077981948	-1.5761306767
SVGGDS(ph)DTEDMR	A0A087X0F1;Q9UK61;Q9UK61-2;Q9UK61-3;Q9UK61-4	0.7925642986	-0.8373521364
EGS(ph)LSSQDSR	Q12923;Q12923-2;Q12923-3;Q12923-4	-1.5171023853	7.2032198574
RLS(ph)TPQR	Q8IVF2;Q8IVF2-3	-0.9626890584	0.9008974427
QASGDTPTT(ph)PKHPK	A0A087WWW8;B5MEB3;Q9Y6J0;Q9Y6J0-2	-1.5863533543	-1.0328149294
RS(ph)STAKPEVEHPEPDHSK	B7Z1S6;F8WFB0;Q9NZI5;Q9NZI5-3	-1.6003214342	-0.1971531922
S(ph)KSDGEAKPEPSPSPR	K7EJL0;K7ENQ6;K7ERQ1;P26358	-1.3548754647	-1.0860461691
KAS(ph)YVEQSGR	Q6XPR3	-1.2334804627	1.047824543
S(ph)TVNEKPK	A0A590UJS4;Q6KC79;Q6KC79-2;Q6KC79-3	-2.0226005475	-2.1353146341
S(ph)VNNQYCK	J3KN34;P26045;P26045-2	-2.3235680491	-1.613680654
QPCT(ph)PPPQPQQQQVK	P35321	-1.2562332255	-0.900112296
RAS(ph)DDGKLTDPSK	A0A0B4J1W9;P04049;P04049-2	-0.8427594521	-4.9454184862
T(ph)SSSSDDS(ph)KRSPLGK	Q9C0B5;Q9C0B5-2	-2.1745376159	-1.8929808651
VKEEPPS(ph)PPQSPR	E9PMQ6;Q00613;Q00613-2	1.8446205579	-1.4559232859
KNSS(ph)TDQGS(ph)DEEGSLQK	Q12789;Q12789-3	-1.0861229031	-1.5684778905
S(ph)SQPLASK	A0A1W2PRV2;A0A669KAX1;P17096;P17096-2;P17096-3	1.2715663702	1.4775760142
GS(ph)TSTFK	A0A087WXP3;E9PEE8;P18564;P18564-2	-1.1389658976	-1.553765978
ATSACAPISS(ph)PK	A0A087X1U1;E7EUN2;F5GXM9;H7C211;Q9UPQ3;Q9UPQ3-2	-1.0610076807	1.3407358035
SINY(ph)SK	A0A087WSW7;A0A0B4J1V9;F6XU50;Q9NRZ9;Q9NRZ9-2;Q9NRZ9-3;Q9NRZ9-4;Q9NRZ9-5;Q9NRZ9-6	-0.9134765614	-0.5415340558
IPSKEEEADMSS(ph)PTQR	E9PDI4;O00515	-0.8939672478	-1.1842014453
FDGVEGPRT(ph)PK	A0A0B4J210;E5RH50;H0YAN4;H0YBW1;Q6PKG0;Q6PKG0-3	-1.9046919751	-2.4403893695
EFTGS(ph)PPS(ph)SATKK	C9J3F6;Q92609;Q92609-2	-2.3250529468	-3.4729310958
LAS(ph)KAEP	Q9UJC5	-3.5773004153	-0.7161083641
TDS(ph)TSDGRPAWMR	A0A2R8Y542;A0A2R8Y5T0;A0A2R8Y6I5;A0A2R8Y706;Q14204	-0.9388434996	-1.8679404588
LGDAFRPAS(ph)R	A6NN40;C9JXU1;Q2M3G4;Q2M3G4-2	-2.2697323063	-1.9675912172
NNS(ph)VSGLSVK	E9PJ60;Q9UHI6	-1.6509391368	1.1497142162
TPTSSPASS(ph)PLVAK	Q14684;Q14684-2	-1.9673862296	1.5374786763
VNS(ph)TTEANIHLK	Q2KHM9;Q2KHM9-2	-1.2469582062	0.3429544902
KAS(ph)SPS(ph)PLTIGTPESQR	Q9NPI6;Q9NPI6-2	-1.7721304844	-0.6290968974
LDTGPQSLS(ph)GK	M0QXD6;P35269	2.1820732801	0.1131172568
RLS(ph)VDPYERPALTPR	Q8NEZ4;Q8NEZ4-2;Q8NEZ4-3	-1.2020064049	-1.0438639687
YGGSVGSQPPPVAPEPGPVPSS(ph)PSQEPPTKR	A0A087WTZ5;E9PJ81;E9PRQ7;E9PS08;Q04323;Q04323-2	-1.1748009484	-1.887549401
QHEAPSNRPLNELLTPQGPS(ph)PR	P10398;Q96II5	-0.9750117839	-0.089154097
GGVTGS(ph)PEAS(ph)ISGS(ph)KGDLK	Q09666	1.7339947901	2.0083985461
GGVTGS(ph)PEASISGS(ph)KGDLK	Q09666	1.1138369015	-1.3754430029
IPMPPS(ph)SPQPR	Q8WUF5	-1.3045790623	-1.093840066
GSLAEAVGS(ph)PPPAATPTPTPPTR	Q9Y6I3;Q9Y6I3-1;Q9Y6I3-3	-1.1482080824	0.7932645185
MEVDRS(ph)PGLPMSDLK	A0A494BZV2;H0Y2S9;J3KSW8;Q6WCQ1;Q6WCQ1-2;Q6WCQ1-3	-2.0296821172	-1.4382681735
TAVVGSNLSS(ph)RPAS(ph)PNSSSGQASVGNQTNTACSPEESCVLK	Q659A1	0.7403388524	-1.6973136007
LCS(ph)SAETLESHPDIGK	O96028;O96028-3;O96028-5;O96028-6	-2.8690093049	-2.0822995575
TGSTSSKEDDY(ph)ESDAATIVQK	Q5T4S7;Q5T4S7-2;Q5T4S7-3;Q5T4S7-4;Q5T4S7-5	-1.9263364752	-1.4852490295
SVPPATPAT(ph)PTS(ph)PATVDAAVPGAGK	A0A0G2JHC2;Q6NYC8;Q6NYC8-3;Q6NYC8-4	-1.707440448	1.196162428
TPQS(ph)PAPCVLLR	Q9Y613	-1.1686897525	-1.1603628325
ASPVTS(ph)PAAAFPTAS(ph)PANK	F8VU39;H0YHQ7;J3KPG5;Q9UIF9;Q9UIF9-2;Q9UIF9-3	-0.9026796459	4.5808907535
NMPQS(ph)PAAVNTGVSTSAACTTSVQSDDLLHK	A0A3B3ITM2;A2A2Y8;Q9UMD9;Q9UMD9-2	-1.3607088691	-0.3519162927
EYIIPS(ph)PGYR	A5PKY6;C9JZL5;E9PET4;F8WCY8;F8WDH3;O15440;O15440-2;O15440-3;O15440-4;O15440-5	-1.1595200933	-2.202937988
LDSSEMDHS(ph)ENEDYTMSSPLPGK	A9IYQ1;Q9NTI5;Q9NTI5-2	1.0371758837	1.116418962
TETSLDTPLS(ph)PMSK	B3KU38;B3KU38-2;C9J366;C9JWG6;P0DPB3;P0DPB3-2;P0DPB3-3;P0DPB3-4	-1.7682500032	-1.6795680889
ANSALT(ph)PPKPES(ph)GLTLQESNTPGLR	Q9BW04;Q9BW04-2	-0.8684528045	-2.7619577804
QNEPGLQTEDVQKPPLQMDNSVFLDDDS(ph)NQPMPVSR	Q8IYL3	1.1236212717	1.83774917
SEPHS(ph)PGIPEIFR	Q8ND82;Q9UJJ2	-1.2363253985	-3.6159496766
S(ph)LYESFVSSSDR	A0A0A0MT02;A2ABK4;P18615;P18615-3	-1.2061699074	-1.1725932653
TCPVVLPPETRPLNGLGPPS(ph)TPLDHR	Q9NPR2	-1.556421679	-1.774355403
S(ph)PSLGSDLTFATR	Q13425	-1.4496811651	-3.0118416894
SDLDYIRS(ph)PLPFQNR	A0A0A0MRF6;H7BYL6;Q99996;Q99996-1;Q99996-3;Q99996-5;Q99996-6	-1.47984327	-2.6999754825
LKS(ph)VEDEMDSPGEEPFYTGQGR	A0A590UJA3;A0A590UJU2;A0A590UK09;A0A590UK38;A0A590UK73;B1AKN5;B1AKN7;B1AKN8;Q12857;Q12857-2;Q12857-3;Q12857-4;S4R3W2	-1.4008889995	-3.0664866551
LHGGFDSDCS(ph)EDGEALNGEPELDLTSK	F8WAZ4;O00178	0.8010457378	-0.1441682416
IGPPSS(ph)PSATDKEENPAVLAENCFR	A0A1B0GUZ7;Q14156;Q14156-2;Q14156-3	-1.0304320592	-1.1168016731
TSSISGPLS(ph)PAYTGQVPYNYNQLEGR	Q01082-3	-1.2485128767	1.6803527198
MS(ph)LSSMEVDVQAPR	Q8IVF2;Q8IVF2-3	-1.013267824	2.4278478722
ALSS(ph)GGSITS(ph)PPLS(ph)PALPK	C9J0V6;C9JHT0;C9JHW1;C9JPV7;C9JRZ2;C9JW88;C9JXQ0;E7ESB6;F8WCD5;I1E4Y6;Q6Y7W6;Q6Y7W6-3;Q6Y7W6-4;Q6Y7W6-5	-3.4391120935	-2.4809145757
DLKIES(ph)DVQEPTEPEDDLDIMLGNK	P20042	1.0255631767	6.0657946251
RRNDS(ph)YTEEEPEWFSAGPTSQSETIELTGFDDK	B1AKL4;Q9NRA8;Q9NRA8-3	-0.9945938014	1.8443092478
ELS(ph)NS(ph)PLRENSFGSPLEFR	Q9UQ35;Q9UQ35-2	0.803122394	-1.2006281197
MLS(ph)SSDAITQEFMDLR	A0A5F9ZGX0;A0A669KBB0;E9PLY5;E9PNZ4;H0Y390;H3BPE1;H3BQK9;Q9UPN3;Q9UPN3-4	-3.3081329716	-1.5371582443
VSS(ph)QAEDTSSSFDNLFIDR	H8Y6P7;P0CAP2-3;Q9BZD3	-2.4838644058	2.1107009705
ASGQAFELILS(ph)PR	A2A2D0;P16949;P16949-2	-1.7342376767	0.6647004662
DLKIES(ph)DVQEPTEPEDDLDIMLGNK	P20042	0.9122884429	0.8085001859
ASGQAFELILS(ph)PR	A2A2D0;P16949;P16949-2	-1.8353297958	-0.7834308417
IFYPEIEEVQALDDTER	A0A0C4DGL3;H0YKC5;H0YNW5;P33316;P33316-2	-2.7833522738	-1.3224514313
S(ph)S(ph)SFSDTLEESSPIAAIFDTENLEK	P15924;P15924-2;P15924-3	-2.9115627312	-1.7051534095
RDS(ph)YRDR	A0A087X0H9;Q5T8P6;Q5T8P6-2;Q5T8P6-3	-1.7009391538	-2.424971654
NRS(ph)SDGGSEEPPDRR	Q9HCD6;Q9HCD6-2;Q9HCD6-3;Q9HCD6-4	-1.6931498026	-0.9320790509
TES(ph)SPGSR	P41162;P41162-2	-2.6020243372	1.0555073002
SSS(ph)RGGSREY(ph)DTGGGSSSSR	A0A087WWP4;A0A494C001;A0A499FJY3;Q96T37;Q96T37-2;Q96T37-3;Q96T37-4	1.4746714421	-0.2780824119
HQS(ph)DGNEIAHTR	F5GYF8;O43166;O43166-2;O43166-3	-1.4942468258	-0.2664184932
KVRPSAS(ph)R	Q8WX93;Q8WX93-3;Q8WX93-4;Q8WX93-5;Q8WX93-7	-2.2283478591	-2.5515641074
RPKS(ph)ESQGNATK	Q29RF7	-3.24509623	-0.2806062209
STSTPTS(ph)PGPR	A0A0C4DGL7;H3BRB0;H3BUF6;Q8WWM7;Q8WWM7-2;Q8WWM7-3;Q8WWM7-4;Q8WWM7-5;Q8WWM7-6;Q8WWM7-8;Q8WWM7-9	-0.9587591385	-0.8002350191
ASVRGS(ph)S(ph)EEDEDARTPDR	H7C2Z0;Q8NC56	0.7955621207	-3.0938484676
HRPS(ph)EADEEELAR	A0A2R8Y611;O14617;O14617-2;O14617-3;O14617-4;O14617-5	-2.799037231	-0.9821305571
RKVS(ph)SAEGAAK	A0A494C035;A6NL93;F2Z2W6;F2Z2Y5;H7BXJ5;P05114	-1.4837104792	-3.2275137501
S(ph)NSFSDER	Q09666	-1.9403665847	-3.438241353
RREEGPPPPS(ph)PDGAS(ph)SDAEPEPPSGR	C9IYK2;C9JJ64;C9JR83;C9JWF0;E9PD53;F8WCB7;Q9NTJ3;Q9NTJ3-2	-0.9728950667	-2.0001541845
SNS(ph)EVEDVGPTSHNR	Q13206	-1.4697564205	-1.2439660926
SEEKT(ph)PIKKPGDGR	O95793;O95793-2;O95793-3;Q5JW30	-0.8666085724	-1.4127626816
ERSDS(ph)GGSS(ph)SEPFDR	P48634;P48634-2;P48634-3;P48634-4	-1.1577550747	0.7647015684
RSS(ph)GREEDDEELLR	A0A0A0MRL6;A0A3B3IS55;A0A494C1G0;A0A494C1P1;F8W8M4;O14639;O14639-2;O14639-3;O14639-4;O14639-5;O14639-6	-1.096930296	0.5864312754
RAVSEGCAS(ph)EDEVEGEA	Q9BYX2;Q9BYX2-2;Q9BYX2-4;Q9BYX2-5;Q9BYX2-6	1.5919002945	-1.6035163376
DGLAPEKT(ph)SPDRDKK	E9PI52;Q7L4I2	0.716274625	-2.3543755368
GWSQEGPVKS(ph)PAECREEHSK	E9PKK0;Q9C0C2	-1.1310779877	-2.6907369532
MYPPRS(ph)PK	H3BUF6;Q8WWM7;Q8WWM7-2;Q8WWM7-3;Q8WWM7-4;Q8WWM7-5;Q8WWM7-6;Q8WWM7-8;Q8WWM7-9	-1.5898030265	2.2773532243
RLKS(ph)EDELRPEVDEHTQK	E9PMG1;H0YCR2;H0YDT0;Q96D71;Q96D71-2;Q96D71-3;Q96D71-4	-1.0636163662	-1.095358809
RLS(ph)SLRASTS(ph)K	A2A3R5;P62753	1.4740272156	-0.2614213194
KFDGVEGPRT(ph)PK	A0A0B4J210;E5RH50;H0YAN4;H0YBW1;Q6PKG0;Q6PKG0-3	-2.1283476517	-2.7655506334
GWSQEGPVKS(ph)PAECR	E9PKK0;Q9C0C2	-1.3566365916	2.4269131848
AVIVSS(ph)PK	Q14966;Q14966-3;Q14966-5	-1.4813864998	-0.9717254911
Y(ph)FTTNK	A0A087WU93;A0A087WXS3;A0A087WYD1;A0A087WZQ6;A0A087X253;K7EJX1;K7EKZ5;K7EN71;K7ERB2;P63010;P63010-2	-2.807987859	-2.4216225592
KDVPSPGGLSAPSS(ph)PR	E7ET48;E9PIR9;Q8N1P7	-1.0903787819	-3.7535752336
VEEEQEADEEDVS(ph)EEEAESK	Q9H3N1	0.7650871333	-1.4161512992
MPTT(ph)PVK	A0A0A0MRY0;B0QYI1;F8WDP1;Q8WUA7;Q8WUA7-2;Q8WUA7-3;Q8WUA7-4	-1.2622382362	-1.5477914569
S(ph)SSYFK	Q9Y5X1	-1.6369697834	-2.5007315276
KLS(ph)EDSLTK	A0A087WZ06;E5RFQ9;E5RIM6;Q13188;Q13188-2;Q8NBU1	-0.872621751	0.6509661603
ARLS(ph)ASTASELSPK	H0YF21;Q3KQU3;Q3KQU3-2;Q3KQU3-4	-1.7278695288	7.5919596313
RFS(ph)DQAAGPAIPTSNSYSK	Q7KZI7;Q7KZI7-10;Q7KZI7-11;Q7KZI7-12;Q7KZI7-2;Q7KZI7-3;Q7KZI7-4;Q7KZI7-5;Q7KZI7-6;Q7KZI7-7;Q7KZI7-8;Q7KZI7-9	-1.1181476789	-2.237832952
YGGSVGSQPPPVAPEPGPVPSS(ph)PSQEPPTKR	A0A087WTZ5;E9PJ81;E9PRQ7;E9PS08;Q04323;Q04323-2	-1.0530844634	-1.5033275811
KLPPPPGS(ph)PLGHSPT(ph)ASPPPTAR	A0A2R8YFV2;A0A669KAV7;A0A669KBG4;A0A669KBH9;B9EGQ5;M0QXA7;O95785;O95785-2;O95785-3;O95785-4	-1.9708690283	-2.808362696
TKS(ph)LLEEK	Q8NFC6	-2.3586128145	-1.1830959897
GGVTGS(ph)PEASISGS(ph)KGDLK	Q09666	1.3488743994	-2.0539360595
RIDS(ph)FVK	Q96CC6	-0.754230515	1.8007500229
IVAHAVEVPAVQS(ph)PR	B5MBX0;H0YCL8;Q96FF9	-1.0781272753	0.850746331
RVS(ph)FADTIK	E9PPJ1;Q8NG31;Q8NG31-2;Q8NG31-3;Q8NG31-4	-1.2482071137	1.1096235114
MLWGSDPYPHAEPQQATT(ph)PK	E7EPN9;Q9Y520;Q9Y520-2;Q9Y520-3;Q9Y520-4;Q9Y520-5;Q9Y520-6;Q9Y520-7	-1.0169008967	1.5724454033
RCS(ph)SELLPMAK	H7BZH1;Q5THK1;Q5THK1-2;Q5THK1-4	-1.3884584081	-1.238003417
KGS(ph)VDQYLLR	H0YEQ1;Q8NCN4	-1.4825389788	0.3945526666
PLTYPQYS(ph)PPQPR	E9PKL5;E9PPX2;P15407	-0.6949262931	-1.7324924833
GRLPNNSS(ph)RPST(ph)PTINVLESK	Q15910;Q15910-2;Q15910-3;Q15910-4;Q15910-5	1.0422878761	-2.1851313285
AQHLSPAPGLAQPAAPAQAS(ph)AAIPAAGK	Q9BW04;Q9BW04-2	-1.4446757804	1.0027752368
VLS(ph)PPHIK	A0A0D9SG79;Q9NZ09;Q9NZ09-2;Q9NZ09-3;Q9NZ09-4	-2.0090786832	-1.9627529591
AFAGPLS(ph)PAK	Q86XL3;Q86XL3-2	-1.5059328776	-2.119624657
VSMPDVELNLKS(ph)PK	Q09666	-1.6666458287	-2.0564616605
VAAETQS(ph)PSLFGSTK	Q9UKX7;Q9UKX7-2	-1.4098618629	-0.3167929243
RQS(ph)VGDFVSGALNK	H3BR51;Q6P4F7;Q6P4F7-2;Q6P4F7-3	-0.9596021301	-1.6833485694
GGGGYTCQS(ph)GSGWDEFTK	P15924;P15924-2;P15924-3	0.7319306291	-3.2363591213
SILS(ph)PGGSCGPIK	A0A494C1K3;P78347;P78347-2;P78347-3;P78347-4;P78347-5	-0.9350944337	-1.4569920203
TQTPPVSPAPQPTEERLPSS(ph)PVYEDAASFK	H0YCD9;H0YEV2;Q14247;Q14247-2;Q14247-3	0.7695316816	-2.0692476466
MESMNRPYTSLVPPLS(ph)PQPK	C9K0J5;Q70E73	-1.2017624552	0.1565175258
TPDSEDKLFS(ph)PVIAR	Q5VZ89;Q5VZ89-3;Q5VZ89-5;Q5VZ89-7;X6R5W5;X6RAE7	-1.2477220666	-1.7934665033
TAESQT(ph)PTPSATSFFSGK	A0A3B3IRQ9;A0A3B3ISX1;A0A3B3ITG9;P55265;P55265-2;P55265-3;P55265-4;P55265-5	-1.8550623395	-2.1960317118
TSSLAPVVGTTTTTPS(ph)PSAIK	Q92733	-1.0466698225	-1.3873759075
VAVNALAVGEPGTAS(ph)KPAS(ph)PIGGPTQEEK	Q96L91;Q96L91-2;Q96L91-3;Q96L91-4;Q96L91-5	0.9098636433	-0.7690092944
SPTDSDVSLDSEDSGAKS(ph)PGILGYNICPR	Q8N3V7-2	-1.2430769762	-1.4202052411
VPLS(ph)PLPGPK	Q8NHU6;Q8NHU6-2	-1.1442526996	-1.6237488487
LPS(ph)VEEAEVPKPLPPASK	A0A0J9YVY2;A0A0J9YW63;A0A0J9YYF6;E9PDI4;O00515	-0.8623546041	-0.9649567768
LENSALLTVEPS(ph)PQDK	O75509	-1.6641987877	-0.5976126186
FGHVDQENS(ph)PSFMFQGSSNTEFK	P49792	-1.6749653815	1.0568866272
VSS(ph)PLSPLS(ph)PGIK	Q9P2B4	-1.6033046172	-0.8598344729
T(ph)RSFGHFPGPEFLDVEK	Q1RLN5;Q8IWW6;Q8IWW6-2;Q8IWW6-3;Q8IWW6-4	-2.3726230815	0.1599843102
LAAQLGAPTS(ph)PIPDSAIVNTR	B8ZZS4;Q9H8Y5	-1.2945870821	3.0833798679
AGAAS(ph)PLNS(ph)PLSSAVPSLGK	E7EPJ7;O75962;O75962-4;O75962-5	-0.7966470669	-3.597536785
LQALKEEPQTVPEMPGETPPLS(ph)PIDMESQER	P05412	-1.1322924424	-2.561368972
KISENSYS(ph)LDDLEIGPGQLSSSTFDSEK	F8VQE1;F8VRN8;Q9UHB6;Q9UHB6-2;Q9UHB6-4;Q9UHB6-5	1.8958594365	1.0431652135
DSGPLPT(ph)PPGVSLLGEPPKDYR	A0A087WZ13;E9PAU2;Q8IY67-2	-2.109923982	-1.1274358791
LLPSAPQTLPDGPLAS(ph)PAR	A0A0C4DH09;A0A3F2YNX0;A0A3F2YNZ0;F1T0I1;O15027;O15027-2;O15027-3;O15027-4;O15027-5;X6RGP5	-2.2545473039	-1.6006041267
VLT(ph)PLEIAK	Q03001-3	-1.9545128625	-1.7055774379
IPSIVSSPLNS(ph)PLDR	P49790;P49790-2;P49790-3	-2.5071179456	-2.1708312724
ASGQAFELILS(ph)PR	A2A2D0;P16949;P16949-2	-1.7799100325	-1.4705199244
KIS(ph)CLSFALDDLDDQADAAEAR	Q9Y247	-1.4849219613	-2.3284179295
SVS(ph)SSPWLPQDGFDPSDYAEPMDAVVKPR	Q9NRY4	-2.0643386901	-0.8739107703
WLDDLLAS(ph)PPPSGGGAR	Q9C0C2;Q9C0C2-2	-1.0360417053	1.7702576227
GLMEDTTQLETDKLALPMS(ph)PSPLS(ph)PSPIPSPNAK	O75509	-1.9336747505	-1.2017636124
DKNNKEPIIEDILNLESSPT(ph)ASGSSVS(ph)PGLYSK	Q9BQL6;Q9BQL6-2;Q9BQL6-4	-1.39941516	-1.5303417787
TQLAS(ph)WSDPTEETGPVAGILDTETLEK	H0YDN1;Q15149;Q15149-2;Q15149-3;Q15149-4;Q15149-5;Q15149-6;Q15149-7;Q15149-8;Q15149-9	-3.7607745594	0.7640980994
LPTS(ph)VSLFDDEDEEDNLFGGTAAK	A0A096LPC5;A0A0A0MR88;J3KP36;Q9Y4E1;Q9Y4E1-1;Q9Y4E1-2;Q9Y4E1-3;Q9Y4E1-5;Q9Y4E1-6	-1.5265351154	-0.0128662174
RCPSQS(ph)SSR	Q6PKG0;Q6PKG0-3	-1.7475130987	-2.6017540175
CPS(ph)QSSSR	Q6PKG0;Q6PKG0-3	-1.7427591738	-4.0607891214
RSS(ph)SDIAR	J3KQH6;P78364	-1.1976595584	0.3891612193
RTNS(ph)ESLR	B9EGE7;Q8TCN5;Q8TCN5-2	-1.5190615195	-0.5632618592
GPGGSQGS(ph)QGPS(ph)PQGAR	Q96MG7	0.9174364762	2.9532555421
GGSSGATGEPGDSS(ph)DREPGRPPGDR	H3BRE6;J3KNZ9	0.6624349672	-2.9508337667
RELTDAES(ph)R	A0A1B0GXL9;B0QYS6;B0QYS7;B1AKB2;B1AKB4;B1AKB5;P19484;P19484-2	1.3540426807	1.2542981762
METVSNASSSS(ph)NPSS(ph)PGR	A9IYQ1;Q9NTI5;Q9NTI5-2	1.4465994852	-1.0317513305
S(ph)GAGSS(ph)PETK	Q9UQ35;Q9UQ35-2	1.1061184945	-2.4126711738
RKS(ph)ASDSGCDPASKK	H0Y9V5;Q7LBC6	-2.8890625704	1.0674030383
S(ph)SPELTR	Q9UQ35;Q9UQ35-2	1.3153039036	0.0939548909
GT(ph)PSQS(ph)PVVGR	B8ZZY2;C9J2I0;P52594;P52594-2;P52594-3;P52594-4	0.9156499477	0.5718635843
S(ph)EGFSMDR	K7ERA4;Q7Z4V5;Q7Z4V5-2;Q7Z4V5-3;Q7Z4V5-4	-1.0920379817	-1.9869872431
STCGDS(ph)EVEEES(ph)PGKR	O95696;O95696-2	1.0544635195	4.1800930045
TSS(ph)VSNPQDSVGS(ph)PCSR	A0A1B0GTU4;A0A1B0GU60;F5GZ78;F5H836;P49023;P49023-2;P49023-3	-3.7787454602	-1.8944372314
GSTAENAEY(ph)LR	E9PFD7;P00533	-1.1157021141	-3.2577105018
NLSS(ph)TTDDEAPR	A0A0J9YVY2;A0A0J9YW63;A0A0J9YYF6;E9PDI4;O00515	-2.3200599667	-0.9529967185
LS(ph)NSDSQDIQGR	O14545	-2.6458614173	-0.634384163
RKS(ph)YTSDLQK	A0A0A0MTE2;E9PJ10;E9PK58;E9PMP7;E9PMS6;E9PMT2;F8WD26;H0Y424;J3KP06;Q8WWI1;Q8WWI1-2;Q8WWI1-3;Q8WWI1-4;Q8WWI1-5	-0.9997468476	-0.1522789299
TRLS(ph)T(ph)ASEETVQNR	H7C3R4;O43379;O43379-2;O43379-3;O43379-4	-1.9631819985	1.739637305
KKS(ph)DYSLNK	H0Y7Q2;Q96JG6;Q96JG6-3	-0.9842275484	-1.584945787
GGGGGQDNGLEGLGNDS(ph)R	P08621;P08621-2;P08621-4	1.3274968282	0.6740605758
LKS(ph)DERPVHIK	H0Y612;Q9UPN9;Q9UPN9-2	-2.1773071535	-1.5627142378
AGPLS(ph)GKK	J3KRX8;J3KTA4;J3KTQ4;J3QKN9;J3QR02;J3QRQ7;P17844;P17844-2;X6RLV5	-1.4808324423	-2.0099193284
MLSKPEMGS(ph)PR	Q9BY89	-1.238747274	0.0304216094
KLS(ph)ELERPHK	A0A024RAC6;Q14241	-1.780159561	-3.5812174674
EPLLS(ph)SSENGNGGR	M0QYC1;M0QZR4;M0R2C7;Q92888;Q92888-2;Q92888-3;Q92888-4	-2.6884750662	2.0515410918
SQQPLKPQVHT(ph)PVATVK	A0A0U1RQQ9;Q6P3W7	-1.0210393401	-0.5067551583
GTEPS(ph)PGGT(ph)PQPSRPVS(ph)PAGPPEGVPEEAQPPR	I3L1Q2;Q8WUZ0;Q8WUZ0-2	1.355434389	-4.9650214814
IKIEHAPS(ph)PSSGGTLK	A0A2R8Y4Z0;A0A2R8Y7W5;A0A2R8Y7Y0;A0A2R8YCQ1;A0A2R8YD28;Q14004;Q14004-2	0.7574312895	-1.2220732138
KLS(ph)LSEGK	K7EMM8;K7EPU6;Q49A26;Q49A26-2;Q49A26-3;Q49A26-4	-1.0686422135	-2.899052366
GLGHPPS(ph)SPLLKK	A0A2R8YFV2;A0A669KAV7;A0A669KBG4;A0A669KBH9;B9EGQ5;M0QXA7;O95785;O95785-3;O95785-4	-1.1924458559	-0.8591106568
LCRPQANS(ph)LGSLK	A0A2R8Y5P9;Q8TF72	-1.5360274721	0.961753726
KGS(ph)SSSVCSVASSSDISLGSTK	A0A087X2H1;H0YJP0;Q9ULT8	-2.5411200725	1.8920169325
EAVSGPMAGKPFRPQS(ph)LSK	A0A096LP25;Q6ZSR9	-2.8534032606	2.2634320713
LRS(ph)PFLQK	B4DDD6;H0Y5J4;Q9UJU6;Q9UJU6-2;Q9UJU6-3;Q9UJU6-4;Q9UJU6-5;Q9UJU6-6	-2.3967863886	-0.4613532574
FKAEAPLPS(ph)PK	Q09666	-2.2597547184	-3.5116754748
KS(ph)PSGPVKS(ph)PPLSPVGTTPVK	C9J4K0;Q9BVC5;Q9BVC5-2	1.6039783698	-2.3648857492
(ac)AS(ph)KEMFEDTVEER	E9PC52;Q16576	1.2494400313	0.8513840347
TREELVSQGIMPPLKS(ph)PAAFHEQR	A0A494BZX7;A0A499FIJ6;A0A669KBG1;B0QY74;B0QY83;W0Z7M9	-1.6790821567	0.7796903186
PAPENLKS(ph)PSWMSK	Q8WYL5;Q8WYL5-4	-2.9252989469	-4.7254694233
TSS(ph)SETEEKKPEKPLILQSLGPK	Q9Y5K6	-1.3848575313	0.9029039843
VQMTS(ph)PSSTGSPMFK	P49790;P49790-2;P49790-3	-1.6159352453	-1.5758026922
IKS(ph)YDYEAWAK	Q9H6T3;Q9H6T3-2	-1.9786438135	-1.9115496554
TPVLPAGPPTTDPWALNS(ph)PHHK	Q9H201	-2.3186163917	1.6036708504
GS(ph)VSDEEMMELR	P13796;Q5TBN3;Q5TBN5	-1.459709253	-2.7565470275
TASRPAPLVQQLS(ph)PSLLPNSK	Q9Y6X9;Q9Y6X9-2	-1.1366279207	-0.5376763021
RPQPLWHVGS(ph)PFALGANK	A0A087X158;Q9UPX8;Q9UPX8-3	-2.2663804651	-1.9130374896
SLS(ph)APGNLLTK	F5GZ00;Q96RR4;Q96RR4-2;Q96RR4-3;Q96RR4-4;Q96RR4-5;Q96RR4-6;Q96RR4-7	-0.8587986923	-1.4479222265
T(ph)RSLSDFTGPPQLQALK	O95425;O95425-3;O95425-4	-1.1871902406	0.9561225975
EQLVDQGIMPPLKS(ph)PAAFHEQIK	I3L2S3;Q9ULH7;Q9ULH7-2;Q9ULH7-3;Q9ULH7-4;Q9ULH7-5	-2.737494518	1.1627662426
IGVAKPLPLS(ph)PEEGYVSAK	F5H1U9;O75970;O75970-2;O75970-3;O75970-5	-1.1115710409	-2.1449661858
VFLQGPAPVGT(ph)PSFNR	H0Y472;H0Y4P6;H0Y785;H7C0V5;Q8IWZ3;Q8IWZ3-4;Q8IWZ3-6	-1.3041140837	-1.3196041004
QIASQFPPPPT(ph)PPAMESQPLKPVPANVAPQS(ph)PPAVK	C9K0J5;Q70E73	-2.5327887696	-3.3196240718
IDFSSIAVPGTSS(ph)PR	Q5TDH0;Q5TDH0-2;Q5TDH0-3	-1.2708337484	-0.6182563337
KRS(ph)DSSGGYNLS(ph)DIIQSPSSTGLLK	E9PDR5;Q9P2D0;Q9P2D0-2	-2.1577821526	-2.8275134959
DPILVSLRPGSELLRPHPLPAERPIFNSMAPAS(ph)PR	Q92828	-1.4823520705	2.3347584275
IS(ph)IPDVDLDLKGPK	Q09666	-1.5212488484	-2.7341787447
MYFPDVEFDIKS(ph)PK	Q09666	-1.5331140688	-0.8355052691
ELLAKPIGPDDAIDALSSDFTCGS(ph)PTAAGK	F8W7E0;P20810-3;P20810-5	-0.8741368492	-1.2382328919
S(ph)ANAFLTPSYTWTPLK	Q15398;Q15398-1;Q15398-3	-1.4588645063	0.008130968
AENGLLMT(ph)PCYTANFVAPEVLK	A0A2R8Y603;B1AXG1;B4DG22;B7ZB17;E9PGT3;P51812;Q15418;Q15418-2;Q15418-3;Q15418-4	-2.9396920537	-3.9978651596
SGS(ph)LSLTQFADMISLK	P15924;P15924-2;P15924-3	-3.982978753	-2.9884566673
RDS(ph)YRDR	A0A087X0H9;Q5T8P6;Q5T8P6-2;Q5T8P6-3	-1.7900277504	-0.4561088345
TTS(ph)PGGRPSAR	A1L390;A1L390-2;A1L390-3;G3V311	-1.0520575172	-0.2724979338
GPGQPS(ph)SPQR	O95400	1.6037005621	-1.5545092783
SSSSVGS(ph)PTR	Q9HCD6;Q9HCD6-2	-1.0072500861	1.4477415912
SYSSSSSS(ph)PER	O95218;O95218-2	1.8662293639	-2.4129686888
TACECVRS(ph)PR	Q9UPZ3;Q9UPZ3-2	-0.8437616022	0.0661679089
HPS(ph)HSTTPSGPGDEVAR	A0A087X1E4;E9PPY7;E9PRV8;P53365;P53365-3	-5.6937921708	-0.5991004757
SSS(ph)ASS(ph)PEMK	Q9UQ35;Q9UQ35-2	-0.6557602489	-0.3242730939
MNS(ph)TGGQTPR	A0A1B0GW95;Q96ST2;Q96ST2-2;Q96ST2-3	-2.4835125241	-1.8451572187
TSYQPSS(ph)PGR	E9PIQ2;E9PPX1;E9PRL4;H0YD78;H0YF27;Q14134;Q14134-2	-1.7814093391	-2.5078113919
SLS(ph)CSER	A0A2R8Y5P9;Q8TF72	-2.2714528505	0.7365595009
S(ph)DTEPQK	Q8NDI1;Q8NDI1-2;Q8NDI1-3	-3.1073328401	-2.5526567375
S(ph)ASLSHPGGEGEPAR	A6NN40;C9JXU1;Q2M3G4;Q2M3G4-2	-1.8001944518	-1.2671625266
LADCEQS(ph)PTSSR	A0A6I8PL36;A0A6I8PRU0;Q9NYQ6	-1.259346402	-0.4744103786
S(ph)TDSEVSQSPAK	A0A0G2JNJ7;A0A2H2FJL5;B7Z6J7;H7C148;H7C3F5;O75175	-0.8309970085	2.3035750377
AFGESSTES(ph)DEEEEEGCGHTHCVR	O60927;Q5SRK2	0.9823003739	3.0251405664
NRS(ph)AEEGELAESK	Q9C0C2	-1.3386316669	-0.3325688126
HTS(ph)AEEEEPPPVK	Q9BZ95;Q9BZ95-2;Q9BZ95-3;Q9BZ95-4;Q9BZ95-5	-0.9108026463	-1.0865438902
TAS(ph)GSSVTSLDGTR	E5RJY1;E7ESM1;Q92597;Q92597-2;Q92597-3	-1.4486470206	-1.9947447288
GRDS(ph)VSDGFVQENQPR	E7EX48;P51957;P51957-2;P51957-3	-1.4460903926	-0.5480042034
PAGPAGDEPAESPSETPGPS(ph)PAGPTR	A0A0A0MRN5;Q9NZT2;Q9NZT2-2	-1.2013773995	-3.5328742154
AGSFT(ph)GTSDPEAAPAR	J3KQR7;Q9Y4F5;Q9Y4F5-2;Q9Y4F5-3	-1.4762155344	-0.7690162938
S(ph)CVEEPEPEPEAAEGDGDKK	P51858;P51858-2;P51858-3	-3.040438057	1.1317074127
DGTAPPPQS(ph)PGSPGTGQDEEWS(ph)DEESPRK	A0A0C4DGG1;Q9UKS6	-1.4253614196	2.1396263256
SPS(ph)PPDGS(ph)PAATPEIR	O00499;O00499-10;O00499-11;O00499-2;O00499-3;O00499-4;O00499-5;O00499-6;O00499-7;O00499-8;O00499-9	0.8772227249	-3.7633716227
SLSNS(ph)NPDISGTPTSPDDEVR	A0A0U1RQJ5;A0A0U1RRC1;Q96N67;Q96N67-2;Q96N67-3;Q96N67-4;Q96N67-5;Q96N67-6	1.130494558	0.060032475
SSS(ph)VGS(ph)SSSYPIS(ph)PAVSR	H0YDN1;Q15149;Q15149-2;Q15149-3;Q15149-4;Q15149-5;Q15149-6;Q15149-7;Q15149-8;Q15149-9	-1.5980085634	-0.5278965744
LKS(ph)EDGVEGDLGETQSR	Q09666	-1.9556465498	0.8035400044
S(ph)EGSEYEEIPK	P48634	1.3456555505	2.0140416085
CQENGQELS(ph)PIALEPGPEPHR	A0A0A0MR08;H0YB23;O94966-2;O94966-5;O94966-6;O94966-7	-0.8840798548	-4.6238034637
ERTDVIQGDDVADATSEVEVSSTSETT(ph)PK	P49792	-1.5197221179	-2.3175967923
ITAEDCTMEVT(ph)PGAEIQDGR	A0A0B4J203;Q6UN15;Q6UN15-4;Q6UN15-5	-2.0324422845	-1.2747034736
THAVSVSETDDY(ph)AEIIDEEDTYTMPSTR	E7ESA6;H0YB33;H0YB99;H0YBP1;Q05397;Q05397-2;Q05397-3;Q05397-4;Q05397-5;Q05397-7	1.3111670921	-1.03798768
(ac)AEPDY(ph)IEDDNPELIRPQK	A0A1C7CYX8;C9J3Q3;C9J6N5;C9J6Y8;C9JP05;C9JQ40;C9JW51;C9JYP1;F8WCJ2;Q9H098;X6RET8	-1.1113431863	2.1095729237
VDDDS(ph)LGEFPVTNSR	J3KMZ8;Q92785;Q92785-2	0.7529833845	0.4104324138
S(ph)AEPSPT(ph)VMSTSLGSNLSELDR	A0A1B0GTU4;A0A1B0GU60;F5GZ78;F5H836;P49023;P49023-2;P49023-3	-0.7809095092	1.2736123104
KTVFPGAVPVLPAS(ph)PPPKDSLR	M0R165;M0R2S2;Q9UBC2;Q9UBC2-2;Q9UBC2-3;Q9UBC2-4	-0.7154884746	-0.4178097729
ISMPDLDLHLKS(ph)PK	Q09666	-2.508283167	1.9667140795
NIPMKPPT(ph)PLLNTTSSLSGYPLGR	E9PDY7;E9PFQ4;G5E9V3;Q86SQ0;Q86SQ0-2;Q86SQ0-3	-1.6978943148	-3.0184495694
KGWMSILDEPGEPPS(ph)PSLTTTSTSQWK	F6TR96;Q9H2D6;Q9H2D6-3;Q9H2D6-5;Q9H2D6-6;Q9H2D6-7	-1.162828486	-1.8574854492
ASLAPT(ph)PAAS(ph)PVAPSAASFSFGSSGFKPTLESTPVPSVSAPNIAMK	A0A494C1F2;P35658;P35658-2;P35658-3;P35658-4;P35658-5	-1.3151404578	-2.8721408238
QAS(ph)ESSSRPH	A0A2R8Y653;Q9BZX2;Q9BZX2-2	-1.2307789814	-2.113655355
STSTPTS(ph)PGPR	A0A0C4DGL7;H3BRB0;H3BUF6;Q8WWM7;Q8WWM7-2;Q8WWM7-3;Q8WWM7-4;Q8WWM7-5;Q8WWM7-6;Q8WWM7-8;Q8WWM7-9	-1.2060653574	0.9473841363
RHS(ph)EVETDSK	Q9NX58	-0.8089590827	-0.9139650282
RKT(ph)SQSEEEEAPR	A0A5F9ZHV5;J3KSK6;Q7RTP6;Q7RTP6-2;Q7RTP6-3;Q7RTP6-4;Q7RTP6-5	-1.4774639027	1.4393680888
RSS(ph)VAQEDSK	A0A0U1RR71;A1L390;A1L390-2;A1L390-3;G3V311	-0.6408458831	-1.8893304475
RPS(ph)EGNEPSTK	A0A087WWU1;F2Z329;Q96Q45;Q96Q45-2;Q96Q45-3;Q96Q45-5	-0.7934929156	-2.0383554102
RPS(ph)SNLNNNVR	Q9NW75;Q9NW75-2	-1.4546290112	-2.099930814
SGS(ph)VSNYR	Q13131;Q13131-2	-0.8818749632	4.1569872732
EHRLS(ph)AADEK	Q5JRA6;Q5JRA6-2;Q5JRA6-4	-3.8461796053	-3.3007562749
HSQPAT(ph)PTPLQSR	Q9NR12;Q9NR12-2	-1.1721061872	-2.892918663
TS(ph)FSGR	J3KQR7;Q9Y4F5;Q9Y4F5-2;Q9Y4F5-3	-0.8140478816	0.9568154696
DTTIINHS(ph)R	Q8IY63;Q8IY63-2	0.7248797554	-3.5037612624
S(ph)PSWQR	A0A0A0MSP3;H0Y8Y3;Q96HC4;Q96HC4-4;Q96HC4-6;Q96HC4-7	-1.1616060996	2.2182935745
T(ph)PSSFR	G3V1T4;P57740	-1.2723716377	2.8613489891
RADLNQGIGEPQS(ph)PSR	Q96C19	-1.0089644455	1.3353435739
T(ph)SRRSEDLDNATEVNPK	O95171;O95171-2;O95171-3	-1.9740466363	-2.3458390865
S(ph)PQPDPVK	P46013;P46013-2	-0.7171767264	0.4763928838
QQTQQVQSPVDSATMS(ph)PVER	H0Y638;Q9UJF2;Q9UJF2-2	-0.9716084834	-2.0488157943
KSS(ph)ADTEFSDECTTAER	Q9H6S0	-2.9999164983	-2.2832069052
S(ph)FVPEEEKHEER	A0A0U1RRH6;B4DG57;O94880;O94880-2	-0.826215551	0.5085010916
AGS(ph)FTGTSDPEAAPAR	J3KQR7;Q9Y4F5;Q9Y4F5-2;Q9Y4F5-3	-1.1893549223	-1.4756480195
RS(ph)EDLDNATEVNPK	O95171;O95171-2;O95171-3	-1.5491324044	-2.3765702693
TS(ph)DSDQQAYLVQR	Q96CV9;Q96CV9-2;Q96CV9-3	-1.8609650012	0.2531029039
ADLNQGIGEPQS(ph)PSR	Q96C19	-1.1885465731	-0.1163650558
EEAGKEEPPPLT(ph)PPAR	E9PKE7;E9PKK0;Q9C0C2	-1.3882105169	2.8517538752
HVIADQEVMETNRVES(ph)VEPSENEASK	Q9H307	0.6989875117	-1.2264223544
EEAGKEEPPPLT(ph)PPAR	E9PKE7;E9PKK0;Q9C0C2	-1.4953298685	2.1365765126
TVS(ph)TSS(ph)TSGNDFEETK	A0A2R8Y5P9;Q8TF72	-1.1746114652	0.181774945
SLSNS(ph)NPDISGTPTSPDDEVR	A0A0U1RQJ5;A0A0U1RRC1;Q96N67;Q96N67-2;Q96N67-3;Q96N67-4;Q96N67-5;Q96N67-6	1.1208800761	-0.8985160775
DVLLS(ph)SSSR	Q9Y2X9;Q9Y2X9-2	-2.7602148039	-0.914870704
RGSGDT(ph)SISIDTEASIR	Q32MZ4;Q32MZ4-2;Q32MZ4-3;Q32MZ4-4	0.769254344	-3.1151959486
VASETHS(ph)EGSEYEELPK	A0A494C0D3;Q5JSZ5	2.1067852228	0.9010761856
TLS(ph)ASTQDLSPH	Q6P597;Q6P597-2;Q6P597-3	-4.3806452612	-2.5296659869
RVS(ph)EVEEEKEPVPQPLPSDDTR	O43290	-1.0335763785	0.316074251
GPVS(ph)GTEPEPVYSMEAADYR	H0YCD9;H0YEV2;Q14247;Q14247-2;Q14247-3	-0.8264306462	-0.7513204526
VAS(ph)ETHS(ph)EGSEYEELPK	A0A494C0D3;Q5JSZ5	-0.9960159503	0.1791481087
YASGS(ph)SASLGGPESAVA	H0YDN1;Q15149;Q15149-2;Q15149-3;Q15149-4;Q15149-5;Q15149-6;Q15149-7;Q15149-8;Q15149-9	-0.9267593125	-4.0093642038
SMVS(ph)PVPS(ph)PTGTISVPNSCPAS(ph)PR	P85037;P85037-2;U3KQ26	-0.8741553283	-1.6353335871
DSSSLSSCTS(ph)GILEER	Q9H3Q1;Q9H3Q1-2	0.7108599582	1.4390758432
DMAGGAGPRS(ph)ESDLEDVGPTAEWNGDGSGSLR	A8MZ87;Q9H0B6;Q9H0B6-2	-1.7243621905	0.1644390551
SVDALDDLT(ph)PPSTAESGSR	Q86X29;Q86X29-2;Q86X29-3;Q86X29-4;Q86X29-5;Q86X29-6;S4R3V8	1.4105346056	0.6032253563
LQAALDDEEAGGRPAMEPGNGS(ph)LDLGGDSAGR	A0A1W2PPS1;A0A1X7SBS1;Q00839;Q00839-2	0.8452957599	-0.4500848227
SAEPS(ph)PTVMSTSLGSNLSELDR	A0A1B0GTU4;A0A1B0GU60;F5GZ78;F5H836;P49023;P49023-2;P49023-3	-1.0142256386	3.0296950453
(ac)AS(ph)GVAVSDGVIK	E9PP50;E9PS23;P23528	1.0158062618	0.804375862
MAVES(ph)PSDSAENGQQIMDEPMGEEEINPQTEEVSIK	P51812	-0.8363328689	-0.4572481299
YGPADVEDTTGSGATDSKDDDDIDLFGS(ph)DDEEESEEAK	C9JZW3;P24534	0.9243942901	0.1585668239
ELVEPLT(ph)PSGEAPNQALLR	E9PFD7;P00533;Q504U8	-1.5689020487	-1.5438405291
GGS(ph)GSVLQDEEVLASLER	A0A0D9SG79;Q9NZ09;Q9NZ09-2;Q9NZ09-3;Q9NZ09-4	-3.0403491081	1.0246257222
S(ph)ESELIDELSEDFDRSECK	A0A0A0MR45;A0A0C4DGB5;B7Z574;D6RC54;E7EQ12;E7EQA0;E7ES10;E7EVY3;E9PDE4;H0Y7F0;H0Y9H6;H0YD33;P20810;P20810-10;P20810-3;P20810-5;P20810-6;P20810-7;P20810-8;P20810-9	-1.5311860262	-0.9957980323
SS(ph)SSSGDPSSDPLGS(ph)PTLLAL	E9PPX2;P15407;P15407-2	-2.0017488859	0.6588682511
RNS(ph)SSSSSPSERPR	B7WPE2;G3V1D0;H0Y3M3;Q32P44;Q32P44-2	-0.8778129515	-1.4157297524
RRDS(ph)DYKR	C9J9P7;C9JFQ5;C9JR02;F8W910;F8WE23;P52756;P52756-2;P52756-3;P52756-4;P52756-5	-1.7226941104	-5.9138963279
LNS(ph)HGGR	A0A1B0GTW1;A0A2R8YDH4;A0A3B3IRI3;A0A3B3IRV6;A0A3B3ISF1;A0A3B3ISZ5;A0A3B3ITE1;A0A3B3IU26;A0A3B3IU51;B1AN86;Q9UDY2;Q9UDY2-2;Q9UDY2-3;Q9UDY2-4;Q9UDY2-5;Q9UDY2-6;Q9UDY2-7	-1.1927405832	-1.566634805
RKT(ph)SQSEEEEAPR	A0A5F9ZHV5;J3KSK6;Q7RTP6;Q7RTP6-2;Q7RTP6-3;Q7RTP6-4;Q7RTP6-5	-1.1460720911	-5.5745489603
GAGS(ph)IAGASASPK	P15924;P15924-2;P15924-3	-2.7174231883	-1.9441821321
SHSGTSPDNTAPPPPPPRPQPS(ph)HSR	E9PMG1;H0YDT0;Q96D71;Q96D71-3;Q96D71-4	2.1421830163	2.401568148
AAT(ph)SPK	Q8IVT2	-0.9012725425	-3.710210509
TSYQPSS(ph)PGR	E9PIQ2;E9PPX1;E9PRL4;H0YD78;H0YF27;Q14134;Q14134-2	-1.8369187093	-1.3049299862
ARS(ph)VS(ph)PPPKR	Q13247	-0.7785693436	-0.1331026366
S(ph)PGPSSPK	B5MC51;P53671;P53671-2;P53671-3	-0.6822398445	-0.7583725909
PRPS(ph)PLR	E9PID4;Q16584;Q16584-2	-1.7776279274	-0.1617279267
KAS(ph)DSELER	Q15149;Q15149-2;Q15149-3;Q15149-4;Q15149-5;Q15149-6;Q15149-7;Q15149-8;Q15149-9	-1.8400792428	-2.9831202691
NPNQSSQVMDPPTARPTEPES(ph)PKNDR	Q15025;Q15025-3;Q15025-4	-1.2192265036	-2.8455317499
RLS(ph)DCESTDVKR	Q7Z333;Q7Z333-3;Q7Z333-4	-1.4553479602	-1.5752646664
VAAAAGSGPS(ph)PPGSPGHDR	Q9BTU6	1.2442802539	-0.5418236638
CPEPCPS(ph)PK	P22532	-1.9760790657	0.2620842754
RNPS(ph)SSTLPGGGVQNPSADR	Q9UJY4	-3.848837232	-1.4847550941
KYES(ph)DEDSLGSSGR	O00418	0.7518711925	-2.102415731
GRKES(ph)EFDDEPK	A0A3B3ITZ9;Q9Y2W1	-2.7616531858	-0.0678777298
RLS(ph)DCESTDVK	Q7Z333;Q7Z333-3;Q7Z333-4	-0.9907630074	-3.6690369194
KSS(ph)ADTEFSDECTTAER	Q9H6S0	-3.3783006592	-1.9433570551
DCSPSS(ph)PLK	F5H269;Q9Y485	-1.0500326996	0.9226702484
SDS(ph)PVPTAPTSGGPK	B4DTN4;B4E349;F5H6D8;Q86U44	0.8429831623	0.4796460882
THS(ph)TSSSLGSGESPFSR	F8WBF9;Q5TH30;Q9UGV2;Q9UGV2-2;Q9UGV2-3	-1.8315027519	-1.9138269053
TPAAAAAMNLAS(ph)PR	Q9UQ35	-1.424877978	1.2686342562
RES(ph)LGLESK	Q96BH1	-1.1070092634	-1.6311856752
SSS(ph)VASLEK	I3L2J0	-1.519128506	-1.0404257889
LGS(ph)LSAR	H0Y2V6;H0Y4T4;Q00G26;Q5SW79;Q5SW79-2;Q5SW79-3	-2.5643631202	2.7914062071
LASTS(ph)DIEEKENR	A0A3B3ISH4;F8VZN8;H0YHI8;H0YIS4;O14974;O14974-2;O14974-3;O14974-4;O14974-5	0.899918404	0.8588198231
ISTISS(ph)VR	P15924;P15924-2;P15924-3	-0.6972782993	-1.5453012432
GYYSPYSVS(ph)GSGS(ph)TAGSR	H0YDN1;Q15149;Q15149-2;Q15149-3;Q15149-4;Q15149-5;Q15149-6;Q15149-7;Q15149-8;Q15149-9	0.8000817921	-2.4457583463
TVS(ph)ASS(ph)TGDLPK	H7C5L6;P78362;P78362-2	-1.2902879159	-0.1061630981
GPALTPIRDEEWGGHS(ph)PR	Q86X29;Q86X29-2;Q86X29-3;Q86X29-4;Q86X29-5;Q86X29-6;S4R3V8	1.3465703218	-3.509616021
TSS(ph)LTQFPPSQSEER	B7Z7F3;Q9H6Z4;Q9H6Z4-2	-1.0923606556	-1.4965178008
LSSLS(ph)SQTEPTSAGDQYDCSR	A0A1B0GVJ7;Q9BY89;Q9BY89-2	-3.0586482408	1.2340367795
LS(ph)PSFR	B4DF95;Q15735	-1.0970473501	1.0013733844
LKS(ph)EDGVEGDLGETQSR	Q09666	-1.7661959432	-1.3347627884
LATEEPPPRS(ph)PPESESEPYTFSHPNNGDVSSK	Q9H5V8;Q9H5V8-2	-1.4791485175	-0.5438451501
TSS(ph)LTQFPPSQSEER	B7Z7F3;Q9H6Z4;Q9H6Z4-2	-1.0893086163	-0.4488845939
S(ph)LSSS(ph)LDDTEVKK	O95292	0.9044878819	-2.1948448368
EQSSDLT(ph)PSGDVS(ph)PVKPLSR	Q8WYQ5;Q8WYQ5-3	1.1784050516	-1.8541043027
VPFS(ph)PGPAPPPHMGELDQER	C9JHW1;E7ESB6;I1E4Y6;Q6Y7W6;Q6Y7W6-3;Q6Y7W6-4;Q6Y7W6-5	-1.6844137472	2.6851687281
MAGNEALS(ph)PTSPFR	D3DRR9;Q86WR7;Q86WR7-2	-0.8476426362	1.4582021319
DLDEEGS(ph)EKELHENVLDK	O43719	0.6986727107	-0.6746927817
EYIPGQPPLSQS(ph)SDSS(ph)PTR	P07814;V9GYZ6	0.7054267686	-0.8535627278
LEPVYS(ph)PPGS(ph)PPPGDPR	A0A0A6YYC0;E9PJN1;O75676;O75676-2	-0.8473027634	-0.3867028126
YSCPES(ph)PSQELGGPLPS(ph)PGPR	A0A1W2PPU9;A0A494BZV2	-1.7639484096	-1.112845915
DS(ph)PGIPPS(ph)AGAHQLFR	E9PGT3;Q15418;Q15418-2;Q15418-3;Q15418-4;Q5SVM6	-2.5272971748	-0.0202856844
SESS(ph)DFEVVPK	E7EPN9;Q9Y520;Q9Y520-2;Q9Y520-3;Q9Y520-4;Q9Y520-5;Q9Y520-6;Q9Y520-7	0.7147759062	-2.3718380936
NRSYIDRDS(ph)EYLLQENEPDGTLDQK	E7EWK3;Q9H2U1;Q9H2U1-2;Q9H2U1-3	-1.0953894982	-1.5409962155
LTPLPEDNS(ph)MNVDQDGDPSDR	P78527;P78527-2	0.8758464033	-3.0752487953
S(ph)FPDIEDEEK	Q5VUA4;Q5VUA4-2	-1.0235901235	0.0613224435
TEDGDWEWS(ph)DDEMDEKSEEGK	Q9UEW8;Q9UEW8-2	1.6631062555	-0.6652158294
YQPLASTAS(ph)DNDFVTPEPR	Q15021	-1.0574540016	-1.0073086511
TQTPPVSPAPQPTEERLPSS(ph)PVYEDAAS(ph)FK	H0YCD9;H0YEV2;Q14247;Q14247-2;Q14247-3	0.7982901483	0.9713659845
SS(ph)TVTEAPIAVVTSR	Q8TD19	-1.8791402467	-1.0635831915
QELASGLPS(ph)PAATQELPVER	E7EMZ9;E9PBC6;O95359;O95359-3	-1.2523441923	-2.2100793469
TQT(ph)PPVS(ph)PAPQPTEERLPSS(ph)PVYEDAASFK	H0YCD9;H0YEV2;Q14247;Q14247-2;Q14247-3	-1.1625859295	-0.1566013273
LGS(ph)EIRDSVV	Q9NPR2	-1.4117098196	0.6556101141
TS(ph)DANETEDHLESLICK	F2Z2T1;Q09161	-1.7684298292	-1.1086767146
S(ph)YEDMIGEEVPSDQYYWAPLAQHER	A0A669KB05;A0A669KB62;C9JZR2;O60716;O60716-10;O60716-11;O60716-12;O60716-13;O60716-14;O60716-15;O60716-16;O60716-17;O60716-18;O60716-19;O60716-2;O60716-21;O60716-3;O60716-4;O60716-5;O60716-6;O60716-7;O60716-8;O60716-9	-1.5883324851	-0.4336324471
SSRPS(ph)MDSEGGSLLLDEDSEVFK	A0A087WVI1;C9JS55;C9JSR2;H0YBP7;Q96JY6;Q96JY6-3;Q96JY6-4;Q96JY6-5	-0.8487993431	0.5392838855
TVSLT(ph)PS(ph)PTTQVETPDLVDHDNTSPLFR	H3BM04;Q05209;Q05209-2;Q05209-3	0.8038131393	-1.2331328384
ELVEPLT(ph)PSGEAPNQALLR	E9PFD7;P00533;Q504U8	-1.355308766	-3.4253340838
QVVSVVQDEEVGLPFEASPES(ph)PPPAS(ph)PDGVTEIR	Q96TA1;Q96TA1-2	-1.186180572	1.0692964587
TSFGS(ph)LTDSSEEALEGMVR	G3V160;Q969H4;Q969H4-2	-1.9945032726	-2.174406598
