Site,Experiment_1,Experiment_2,Experiment_3
P97318_T470,0.0,-1.5287117676375503,0
Q5EG47_S496,-0.0,-0.0,0
Q8BUN5_T388,0.1854048891273443,-0.0205723263277925,0
Q62219_S141,-0.0,0.032973795209729,0
Q3TTA7_S476,0.4225137167084638,-0.3507688497486281,0
Q60997_T2073,-0.0966555619393513,-0.0047260626033461,0
P70365_S1271,-0.0,0.2771311307622666,0
Q923J1_S1403,0.604628679060915,0.2494189759807111,0
Q03267_S360,-0.0008367077823522,-2.0331064740315696,0
Q8C6M1_S132,-0.2880035133272658,-0.043076425018977,0
Q9ERG0_S602,-1.6812828033795567e-05,-0.0,0
P34152_Y925,-0.1609547844436096,-3.310544841147617,0
Q06507_S251,-0.0,0.001868392895135,0
P62984_T66,-0.3616068110978597,-0.0044938316725793,0
P68404_T500,0.003657377043665,-0.0,0
P47811_T180,0.0172214415904391,-2.617390621531629,0
E9Q5G3_S904,0.0,0.0066863638301616,0
Q9WTK7_Y261,-0.2482390041008612,-0.0,0
Q6ZWR6_S732,-0.0,-0.0060685283897077,0
Q9Z0V2_T38,-0.0,-0.1348511733637389,0
Q8VBU8_S370,-0.8082272369460468,-0.2804120402197591,0
Q8R071_S119,-0.0,0.0002292314856783,0
Q9D2E1_S166,-0.0018252006938306,-2.4615400964736573,0
P62962_T93,0.6248731504442514,-0.0072564016880567,0
Q8VI67_S73,-2.983528833514861,0.0,0
Q7M6Y2_S133,-0.0,0.0257703893642977,0
Q9JHJ0_S71,-0.0,-0.2170860560601207,0
Q923E4_S164,0.0260549738617078,-0.0,0
Q61146_S338,-0.0163303932585186,-0.0,0
O09112_S520,0.0,0.3803141663849211,0
O54943_S1238,0.1842937911587575,-0.0,0
Q8CIS0_S564,-0.0,-0.0162517589053587,0
Q9Z239_S88,-0.0006913754341594,-0.0077747322954373,0
Q923E4_T522,0.0824493756123734,-0.0,0
P97318_T385,0.0073283385331359,0.1862204753663066,0
P42859_S120,-0.0,0.1048786102175507,0
P60879_S187,0.0317555305157376,-0.0006609378529332,0
Q62048_S104,0.0185612843327024,0.4127608832610864,0
P30999_Y112,-0.3507688497486281,-2.678563339735464,0
P22893_S264,-0.0,0.080068402985244,7
P22893_S266,-0.0369573008406597,0.4567441505368897,3
P55012_T205,-0.0,-0.0263761578261511,0
P22893_S316,0.0920822547485628,0.6363468902599041,7
Q9WV18_S867,0.019005796448219,-2.3294723314237435,0
Q64373_S14,0.0306040643564054,1.3237259206124148,0
Q64337_S409,-0.0,0.0,0
Q9Z329_S937,-0.0,0.0380529627853583,0
P19785_S216,0.0781098177761272,-0.0036611929534458,0
P13346_T149,-0.0,0.0,0
P97431_S413,-0.0001190573766316,0.2580842935601819,0
Q60591_T332,-0.0006835272920342,-0.1566477727358396,0
O54943_S981,-0.1566477727358396,0.2918468087256383,0
P81122_S1226,-1.299431803798212,-0.3140862683289984,0
P31750_T308,-0.0,0.3805084905203484,0
Q8CI15_S225,-0.0,-0.1910989298652961,0
P15116_Y884,-0.051590587151968,9.721793361455251e-07,0
Q03157_T615,0.1942791554864848,0.4424521340007221,0
P59158_T58,-0.0005837246425077,-0.3286650666786005,0
P11911_Y182,0.0,-0.0,0
P25118_S299,-0.2192650271193558,0.0530087055578701,0
Q64702_S305,0.0185618864234013,0.0007733863347344,0
Q07832_T210,0.0,-1.0858027937228949e-08,0
O54943_T71,-0.000113290850914,0.0266608240878094,0
A2ASS6_S3991,0.1966272918686343,-0.0,0
Q8BXA7_S1207,0.0108686447821923,-0.0,0
Q01815_S783,0.3936902837526471,0.0317555305157376,0
P48678_S392,0.2598329416398673,0.093936230579806,0
P05622_Y856,0.0206094645623411,0.6655651393849693,0
O88667_S39,0.0310369758967534,-0.0061939254604163,0
P81122_T653,0.3955962548625233,0.0506684983749979,0
Q99MR9_S67,0.0,0.2189646954428458,0
O54943_S796,-0.1597271844699755,-0.1237008480607421,0
Q8VI36_Y31,-0.0,-0.0,0
Q60751_Y981,-0.0956631268659278,0.128986743748402,0
P09055_T789,-1.497333248378775,-0.0,0
Q02248_S33,0.0081711900306448,-1.8704290122125584,0
P49443_S375,-1.144164205253369e-05,0.3251044270769466,0
Q9WVS6_S131,-0.3422084659668642,-0.0,0
P14873_S1247,0.8335331633095197,0.0439060004057325,0
P22893_S52,0.0,-1.8918817547212248,4
P70302_S575,-0.0005288726353297,-0.0536270945404357,0
Q64205_S138,-0.0690735885846455,-0.0015505428659222,0
P05627_S63,0.019065481105567,0.203570620419021,0
Q8BM65_Y277,-0.0015558373462015,0.1914087190622554,0
P81067_S389,0.0290224008299191,0.6305813241100344,0
P46097_T202,-0.5083792276441661,-2.50126889551097,0
P41164_S146,0.9479609546362232,-0.0,0
Q2TBE6_S47,-0.1996793191924789,0.0430916918338373,0
P11416_S461,-0.6359183370978584,0.0006237431031721,0
P24270_Y231,-0.0016850880106133,0.1438614646259914,0
Q9WTK7_S431,0.0387900620574729,0.0041514695954253,0
O35280_S286,-0.9167301476250196,0.0096076312812561,0
Q6P5H2_T1554,-0.2228768168913757,0.0096584972130944,0
Q61686_S11,-0.1671828960965893,-0.3158431910810066,0
P11881_T799,0.0,-0.0089377716609205,0
Q8VHH7_S1077,-0.2609922492897535,0.0051507951142063,0
O70343_S570,-0.0,0.0022555392116758,0
P42582_S163,0.0025835428614191,0.0874715438638913,0
Q5FWH6_S109,0.0050281194411419,1.1247216515994465,0
Q8CFI0_T396,0.0,-0.8037537728422508,0
O35144_S367,0.1530838853650205,-2.268308766454005,0
P35569_S632,-0.0,0.0303193396729855,0
O70337_T116,-0.0,-0.0776611702873189,0
P22723_Y413,-1.4336343189343472,0.4540757671015545,0
Q3TTA7_S480,-2.3017900526887614,-0.3526311835119831,0
Q4VGL6_S535,0.4362829073650722,-0.2154210148067734,0
Q3THE2_T19,-1.3960559903446743,0.0098559494537648,0
Q9D2Z1_Y559,0.0,0.0189450911636654,0
P09793_Y218,-0.0,-0.0,0
Q01279_Y1197,-0.0,-0.0,0
Q5SWU9_S79,0.2663190516533277,0.0257465109486192,0
P26645_S152,1.4464140330149573,0.0053537632139187,0
O08747_Y568,-1.0801855496002442,0.5139869474183941,0
Q9Z1S8_S620,-0.4411980260689952,0.0065857275224751,0
Q9Z2A0_T516,0.0,-0.0,0
Q8BYI6_S34,-1.6190594934305045,-0.0491863337067211,5
P15066_S100,0.0241413231837996,-0.0,0
Q8K4J6_S351,0.1684762371665276,0.2358620701623284,4
O35099_S973,-0.1294497816860887,-0.0,0
Q63844_T203,1.015243879213133,0.0,0
Q9ES52_T1092,7.400575417244271e-05,-0.7203120783308998,0
Q62188_S522,0.0,-3.5038572994604342,0
P26361_S670,0.0351108603682837,-2.5858524632276563,0
P06837_S192,-0.3405425824149093,0.185413215345165,0
Q02067_S150,-0.0155545713455097,0.0114690086143393,0
Q9Z0X4_S292,-3.037186734396987,-0.1656576333435821,0
P22893_T249,-0.0,0.0160275582852211,8
A2ASS6_S12884,-0.0393075811781998,-0.3601143954750269,0
Q80SW1_S68,0.445966263556372,-1.092436156337701e-06,0
Q6A065_T562,-2.545945386981461,0.00452772742252,0
P97445_S2363,-2.7621101522395324,0.0,0
P07978_S10,-0.8447523489836567,-0.0,0
P24161_Y83,0.083574382053987,0.1386938568472653,0
O54943_S763,0.2049450018786625,-0.7374692429805425,0
Q61169_S264,-0.0087835117670812,0.0690353244823951,0
P48025_Y130,0.0,0.0,0
P52946_S269,1.5380915502393044,0.0001345218946692,0
P52795_Y323,-0.0125982333846612,0.0,0
Q8K4Q0_S877,0.1333929305483988,0.3452924508542593,0
O70468_S410,0.0170076510240427,-0.0664756169348471,0
Q6ZPF3_T1662,-0.0,-0.2605963594832409,0
O70405_S777,-0.8335999683204811,3.828701954730805e-05,0
Q8K4Z3_S43,2.786168159242432,0.0,0
Q06806_T794,-1.4275050475004857e-08,-0.0,0
P15530_Y195,0.1459242920013833,-1.9420525890155744,0
Q9Z2I4_Y1019,-0.0,-0.0,0
Q9QZS3_S295,-0.0,-0.0,0
Q02248_S47,-0.0001385553839994,0.0031146860124025,0
P49117_S351,0.9402667628271596,-1.2921633227523035,0
Q02248_Y142,0.1348748752796717,-0.0017958411417595,0
O88809_Y125,0.0,0.0809965412518302,0
Q03267_S213,-0.0,-0.0556556787574012,0
Q8K1N2_S17,0.5243454523091837,-0.0,0
P42866_S363,0.0,-0.0,0
P31001_S7,-0.0,0.3844338336167658,0
P35922_S499,-1.2251285399761316,0.0057881979371865,0
P70166_T171,0.3025378658908485,-0.0482289971683498,0
P09803_S840,-0.0029294755757058,0.2770844360350122,0
Q9ERG0_S692,-0.0,-0.0112805224690737,0
Q8C050_T645,-0.0098314828823031,-0.0,0
Q60817_S99,1.5882414068223698,-0.0,0
P54843_Y131,0.0,-0.4411980260689952,0
Q61083_S153,0.7580682798257901,0.6486247576971313,0
O88935_S656,-0.0198922747009918,-0.0264946435732145,0
P42859_S1159,0.0801442604208164,-0.0,0
P25911_Y397,0.0084046406272379,0.2986521082336108,0
Q04207_S534,-0.0048935041119437,-0.0,0
Q9QXD6_S144,-0.1959714778265448,-0.0,0
Q9EPB4_Y144,0.1841949393303809,0.0,0
Q03267_S293,-3.19000591758875,0.0001705898392537,0
P26043_T564,0.0,-1.417053348021067,0
Q62120_Y221,-0.0,-0.0,0
Q60943_T779,-0.0,-0.3127240145591846,0
Q6PDH0_S1007,-1.5299309863933814,0.0123820484172618,0
P15655_Y123,-0.0116201123938218,-0.0,0
A2CG49_T1572,-0.0058262601170764,0.0,0
Q9QVP4_S23,0.0255731163301003,0.0235994931520279,0
Q64702_S297,-0.0011254654559128,0.0006967321202837,0
Q99N57_S233,-0.0,0.0028489065321865,0
O08852_S4159,0.100451307768014,-0.0043630806451615,0
Q8R527_T189,0.128986743748402,-0.1584340050780813,0
Q9ESN9_T276,-0.0,9.250300853909508e-05,0
A6X8Z5_T769,0.0031063775941825,0.0012572137066315,0
O08785_S845,-0.0,-0.0,6
Q8BHL3_S650,-0.2991980238740716,0.0164553596844519,0
O08785_T843,-0.0,0.9742015686497696,5
P42225_S727,0.0,0.0,0
Q9Z1W9_S383,-0.0,1.972549013029798e-05,0
P09174_T62,0.2308992734857405,-0.3141638365809033,0
Q9EP71_T249,-0.0,0.2326814276189917,0
Q7M6Y2_S289,0.15773426827459,-0.4717479391583321,0
Q8BG48_S333,-0.0,-1.551249747711053,0
P51557_S232,-0.1855863871561608,-0.0,0
Q8R080_S460,-0.0422901132337629,-0.2007434536664291,0
Q7TN99_S298,-0.1175162867278367,0.1426399087863667,0
Q18PE0_S346,-0.2030341862294641,0.0005118990140068,0
Q9Z207_S1070,0.0129686424286299,1.1966404172359957,0
P20152_S73,-0.0870207266012722,-0.0175861956224375,0
Q8K2J7_T262,0.0,0.0763714191456235,0
Q8CF90_S61,0.3300909858970612,-0.0857670222483732,0
Q62227_S26,0.0127689999707456,0.2019634233173575,0
Q62120_Y940,0.0,0.0300822297309666,0
P42866_Y336,0.2741105781081751,2.122045168572559e-05,0
P28867_Y155,0.0,0.0,0
P54830_S221,0.2848634273827574,-0.0161424622471823,0
Q8K3H5_S177,-1.1861227199899027,-0.0267534498995576,0
O70343_S538,-1.982431863268447,-0.0080856030165636,0
Q01097_S1303,0.1040329441019828,1.0886963764906634,0
P55014_S126,0.6143879741360717,-0.7037353198604148,0
P16054_S368,0.0510057325464933,-0.0,0
Q91XB0_S78,0.0160697901798521,1.2829612686747074,0
Q07832_Y445,0.4011381298226153,-0.0,0
Q9ERR1_S332,-2.774102692450423,0.7847426662194948,0
Q3UND0_Y260,0.1921039588760196,-0.0,0
P23819_S880,-1.2181050779629023,0.0,0
Q8N7N6_S311,3.843735953223704e-06,0.5477730689858954,0
P59158_T48,0.000375012874068,0.6718810714575042,0
Q7TN99_S299,-1.3565371191174096,-0.0,0
Q9DBD5_T751,0.0320416941875407,0.3729407227616371,0
Q1PSW8_S3,-0.6424938972429949,-0.5944933633847558,0
P28867_Y187,0.0,-0.4181983303323831,0
P47713_S726,-0.00267281222281,-0.0036560831440214,0
Q4JIM5_Y272,0.0740076891447571,-0.1127028356950935,0
Q99JA4_T323,1.4228431853563424,-0.2187725045766801,0
P09055_T788,-0.0,0.2916441581397074,0
Q64704_T14,-0.0,-0.0705806814478616,0
Q9EPK8_Y110,0.0159806285872285,-0.0,0
E9Q401_S2807,-0.0,-0.4099285816893341,0
Q61337_S128,0.0027672173166385,0.37645834560512,0
P36895_Y457,-0.0151740625194198,0.0871460523553451,0
O89017_T324,0.0481848774066741,-0.0295508902412925,0
P30999_Y228,1.140084306850454,-0.0,0
Q62165_Y890,1.3466618267430425e-06,0.0641063348921796,0
Q8CBW3_Y428,0.0006789937916953,2.380727179395672e-05,0
Q925J9_S811,-0.4717479391583321,0.0948310770327686,0
Q80U87_T907,-0.8607020589980248,-0.0010174385347045,0
Q9QYY0_Y473,0.000316416214048,0.1153754876089804,0
Q9Z1X4_T188,-0.0693065406439001,0.0512416886625293,0
O35927_T1078,-0.0172622630558146,0.0,0
P41971_S365,-0.0,0.0402907753077796,0
Q9CX34_S302,0.0,0.0,0
Q60949_T499,0.0,0.0343507245928189,0
Q91V27_S498,0.1323475523771528,0.456235218631021,0
Q80YE4_Y46,0.0,-2.3010304140956643,0
P28700_S265,-0.0049065872406352,0.0535638029341427,0
P45481_Y1126,-0.0,0.4220752400072893,0
Q8BYJ6_S324,-0.671234238523157,-2.779168830936667,0
A2AJI0_S315,0.0099170217793447,-0.0,0
Q6P9R2_S325,-0.1855650581698967,-0.0060401843445868,0
P61979_S302,-0.0457606173303784,0.4440749048272358,0
Q7TN99_S443,0.888010968441082,-0.6722721290780673,0
P63015_T304,0.0730670826947193,0.002620634549872,0
Q62132_S231,-0.5658611293904539,-0.0,0
Q62101_S255,0.2743621460434784,0.0,0
P22091_S172,0.0005872544016521,0.0632826710489781,0
O88942_S243,0.2444926908646029,0.0058013632131404,0
O70405_S757,-0.0,-0.0,0
P33534_T357,-0.0,-0.0,0
Q8K120_S676,0.0,-0.0328921458913078,0
Q8K4Q0_S792,0.0172276422317979,0.0,0
P55088_S180,0.0104907585956949,3.2199143617739754,0
P35546_Y1016,0.0,0.5776955298618793,0
P97465_Y361,-1.0003667396229772e-05,0.5979417507234126,0
Q9WUL6_S89,0.0357437184888912,0.0007533794881886,0
P47708_S234,0.7771218040008359,-0.0122915279739067,0
Q61337_T201,0.2926754564495656,-0.0,0
Q922U2_T160,0.0016780747404174,0.8409103884897338,0
O70468_T50,0.0188419572431861,-0.5364973798820263,0
Q8BW96_S349,-0.0,-0.004694722169212,0
P46414_T187,-0.2118800683976664,-0.5708265017651146,0
Q6PDH0_S1009,0.0173032561613259,0.0,0
P48678_T199,-0.0021773147163492,0.110891448987759,0
P70441_S77,-0.0398318101468457,-0.0,0
Q8K4J6_S492,-2.50126889551097,-0.1151318274637857,0
Q60598_Y482,-0.0,-0.0,0
Q8BMD2_S210,0.0272048410486328,0.7350787807381671,0
P48678_S5,-0.0397871465312424,0.8026716421099711,0
Q8K4J6_T488,0.2856046137015374,8.692923205652301e-10,0
Q8K2B3_Y604,-0.0003940779967988,-0.0,0
Q9WUL6_S354,0.2008989077233885,0.1878887042687049,0
P52927_S59,-0.0,0.0,0
Q80YS6_S665,0.0274228210716422,-0.0,0
Q62120_Y570,0.133893889546362,0.1116725712076373,0
Q91V14_S940,-2.436531252596676,0.0,0
Q8C2B3_S344,0.2579434103827934,0.0,0
Q5SW75_S32,0.2745948965477323,0.0014900283179699,0
Q3USB7_T94,-0.0,0.0147974742300215,0
Q62261_T346,-0.0,-0.0,0
Q9CVD2_S29,0.0071931367449409,-0.0013529502041156,0
O88572_S1579,0.0016495090670602,-0.0,0
P46938_S94,-0.9408112651430542,-2.713007573455924e-05,0
F6ZDS4_T2184,0.0,-0.2702169444755716,0
Q8VIM5_S466,0.4546516943594855,0.0,0
O54724_T304,-0.6789589345422452,0.0013462764920746,0
P06876_T572,-0.3879382673749336,-0.0274926065137878,0
Q8BGD7_S580,0.0133593024673698,-0.029748447784183,0
P70658_S346,-0.9981572555394774,-0.0007738130884274,0
Q0VGT2_S385,-0.8537455881903315,-0.0020655818209994,0
Q08874_S409,-0.0027848518707579,0.7325700748505207,0
O70468_T290,-0.0001039385006377,0.0269945997314523,0
P53564_S972,-1.170836555811901,0.0054031750316723,0
A2AJI0_S275,-0.0123713409794727,0.011313950804368,0
Q01098_S1084,0.0100272261529926,0.4981403070668315,0
B2RUJ5_Y187,0.2813381122558078,0.8566230694607769,0
P24161_Y142,1.2461544626762793,-2.1377928476499064,0
O35099_S90,0.9311363696711698,0.0,0
Q923J1_S1360,-0.0876739335111151,0.0032499459282099,0
P22682_Y780,1.24147279430694,0.0311848842227526,0
Q9Z0X4_S291,-0.5565189932599315,0.008325391658667,0
Q3U1F9_Y314,0.0537423990995298,0.2880903554554042,0
Q9WTK7_Y365,0.6900028096287205,0.2636275746241105,0
P70396_S217,0.0001353476000213,-0.642219066945938,0
P52946_T231,-0.0250745584798188,0.5792727750008263,0
Q60949_S660,0.1324479630779427,-3.2081931879935794,0
Q9CSU0_S145,0.1238358099043587,1.97509739653718e-06,0
Q923E4_S154,-0.5607622821576369,-0.2940496063956189,0
Q9WTK7_T336,-0.0013432037351674,2.9644064497358933,0
Q60770_Y521,0.5495581033947942,-0.0,0
Q18PE0_S347,-0.0443220040953629,0.0345332295719688,0
P48787_T144,0.1420705512000042,-0.4387708530878212,0
P48678_S575,-0.0,-0.0,0
Q6PCP5_S129,0.0756474780898729,0.1360662854210247,0
Q62245_Y1182,-0.6423100152702553,-1.6286828208551911,0
Q02248_Y86,-0.6577925641392474,-0.0159006313980283,0
Q6PD28_S48,-0.0,-0.0359796042287055,0
Q01705_S1791,-0.0,-0.0097075316000828,0
Q9WTP9_S170,0.0,-0.0,0
Q9JHG6_S161,-0.0362925014279122,-1.5500267741179956e-05,0
P30999_Y217,-0.1499685428491685,0.0013737438436461,0
P20444_Y658,0.0,-0.0,0
O54918_S65,-0.0425390854242804,0.0,0
P33242_S203,0.0099614578102057,0.7044453020656295,0
O54943_T554,0.1947527628810978,0.0,0
P06800_S994,-0.0,-2.192766718646761,0
P70170_T633,0.0,0.0020201887531996,0
Q01063_S141,0.0,-0.0,0
P55012_T210,-0.7633720935312146,0.0,0
Q62101_S203,-0.0,0.0151205418368305,0
Q99J83_T75,0.6615508248487616,-0.0608580010468296,0
Q9QYY0_S552,0.0,0.0,0
Q61037_S1388,0.0,-0.0029294755757058,0
Q1EG27_S887,-4.743019987457293e-05,-0.3285224691814952,0
P83917_S89,-0.0,-0.0071481172308543,0
O88447_S459,0.0,-0.6927598008767412,0
P63073_S209,-0.0081978221322294,-1.936224110555086,0
Q61743_T224,-0.0343859416733224,-0.1423628008610022,0
P35569_S1097,0.0166369976724473,-0.0,0
Q9R1E0_S429,-0.0049515110263118,0.0540223648062611,0
Q62120_Y317,0.100115915123479,-0.0668732307926085,0
P63015_T281,0.0314716235190948,-0.5784241313576848,0
Q9R194_S553,0.0139320185113098,-0.460115334703532,0
Q9R1Z8_T648,-2.7328090899873727,-0.0,0
Q99JB6_S41,0.006885880377907,0.2690570021873449,0
Q9JIM1_T276,0.1032574560809967,-0.0,0
Q8C3Q5_S417,-2.18940666980877,-0.1415705312124694,0
Q02248_S37,-2.102702189623218,-0.8036689918052917,0
Q60749_Y435,-2.380256313867114,0.0029924038783079,0
Q9WVC5_T15,-2.268148164572667,-0.0,0
Q9QWY8_Y308,-1.4267623903971651,8.289907306517602e-06,0
P28667_T183,0.3333135981650935,1.0591086326256014,0
P63318_T514,-0.0196232643498755,0.0,0
P20152_S26,-0.0,-0.0,0
Q03137_Y928,-0.0,0.26009356540885,0
P11679_S80,0.6896311846777717,-0.1087342605041108,0
Q60829_T34,0.7444604357408069,-0.0,0
Q923E4_S683,-0.6645842985947867,-0.0026495640654149,0
O70405_S637,-0.8225854291297768,-3.2777567732699504e-05,0
P28667_T148,-0.8640955252313587,0.0115246116220829,0
P97431_S90,-0.0,-0.0,0
P70170_S1465,0.0013960476420741,-0.0110152745302333,0
P42225_S744,0.0675611667054203,-0.3915866750048133,0
O35718_Y204,0.7768930189160244,1.8241672811781544,0
O88508_S386,0.3165133861185743,0.2417861456842543,0
Q99N57_S338,-0.0,0.2277498738998824,0
P97318_S246,-0.0021026314267844,0.0090693617317042,0
Q60876_T69,-0.0,0.0016780747404174,0
Q9CZA6_Y90,-0.0166022403164658,0.0078211116605511,0
P48985_Y78,-0.2089020407533721,-0.0,0
Q6VV64_S274,0.0,0.6753262243416471,0
O08599_T479,0.0615133913577991,0.0538156107959321,0
O89053_T418,0.0,0.1346436588530461,0
Q8BHL3_S643,0.1842766642783476,0.0046713308011395,0
Q64279_T107,-9.912503136452744e-05,-0.9814043511478606,0
Q06831_S316,-0.5364973798820263,-0.0001039292804872,0
Q6NZJ6_T212,-0.0,-0.1601389773129214,0
Q61183_S537,0.0016437780263691,-0.0318445902507587,0
Q9CQW9_Y27,0.0,0.0,0
Q80UG8_Y815,0.0250247379909863,0.2472568352781195,0
P48972_T267,0.0555251978849593,-0.0096725761700348,0
P23242_S279,-0.0,-0.7158838219188762,0
O35927_Y1112,8.289907306517602e-06,0.3597121827446936,0
Q8CGN5_S517,-2.1776443347613155,0.0945362955121265,0
P42227_S754,-0.0035528596997852,1.7830365411594484,0
Q9WTY4_T259,0.7787282713680089,-0.0023336148479339,0
P37238_S133,-0.0,-0.1836876746958811,0
Q04887_S181,-0.0891724173818198,-2.517745444555392,0
Q61410_S126,-0.0,-0.6752467123223663,0
Q68FE6_T351,-0.0,-6.126947822006469e-07,0
P41969_T418,0.0107473025472813,0.0213651822994893,0
Q60876_T36,-2.259658260393641,0.0,0
Q9CZU6_S225,-3.129863523371597,-0.0,0
P02340_S12,0.0206148376558278,-1.4333369682329544,0
Q02248_S191,-0.0988937967071474,0.0041372911343623,0
P70196_S47,0.0,-0.0,0
Q922U2_T145,-2.398902012519192,-0.0,0
P52946_T214,0.0569699641846462,-1.5788468538308773,0
P09631_S204,0.1258803528644076,-0.0818315161157549,0
Q9WVS8_S486,-0.0294909285175747,0.3696357419638865,0
O35973_S663,0.0005719949683067,-0.8374899963768752,0
P09581_Y706,-0.0,0.0,0
Q8K4J6_S487,-0.0,0.1635039213195986,0
Q91VY9_T251,0.5591447257013167,-0.5009084949672497,0
Q9JI11_T177,-1.7340220858333495,0.3214942197350091,0
P48432_S39,0.0825406226181194,0.5372619363729454,0
P10085_Y30,-0.5708265017651146,0.2184396139083484,0
Q04207_S311,-0.1572553537819719,0.0166369976724473,0
P20263_S347,0.0,0.3458841680112696,0
Q80W68_Y637,-0.0018792734213665,-0.0269303742302518,0
O70480_S30,-0.3827550293909559,0.2764872699840907,0
P10493_S331,-0.0001039292804872,-0.0007329872283043,0
P15314_S185,0.0,-0.0064955505307049,0
Q3U182_S136,-0.1250338998725551,-0.0,0
Q9R1E0_T24,-0.0001055444999537,0.2235821125172973,0
O70161_Y634,-0.0631993065913292,0.4689190104157373,0
Q60949_T590,-0.8161202594738199,0.0180592762229397,0
O54943_S697,0.149960038012338,-0.0705544676916993,0
Q64314_S371,0.1578750678336297,1.4428615701952134,0
P06240_Y394,0.0085630041905889,-0.2609922492897535,0
Q9QZW9_S80,0.1627687574026363,-0.0,0
Q80YR6_T855,0.0434236327145729,0.0624733010096178,0
O54943_T964,0.2277498738998824,0.0002797750968694,0
P48025_Y346,-0.4543399562164159,-0.0,0
A2ASS6_T4046,-0.5695258818178652,-0.0,0
P53349_T1381,-0.3303420051366775,-0.2282871491686551,0
Q924W7_S30,0.0,1.0081174316534312,0
P18911_S66,0.5923913487963637,-0.6937716165282997,0
P29351_Y564,0.0,0.0480252921459594,0
P08553_S23,0.3526250160772941,-0.0,0
Q8BSK8_T412,-0.0,0.39073787043094,0
Q91ZE9_S74,-0.1910989298652961,-0.0,0
P06800_S998,0.3180712054308752,0.2491017405900759,0
O35626_S253,0.0493749666201079,0.3159752123123083,0
Q02248_S552,0.0,0.101372174577872,0
Q1EG27_T1246,-0.0271818430814132,0.0,0
Q505F1_S185,-0.0,-0.0,0
Q8VI67_S77,-0.0,0.2118919704033738,0
Q8CIL4_S67,-0.0060401843445868,-0.2880035133272658,0
P56485_S350,0.0036805192866329,0.024284026236085,0
P11881_S421,0.0002582751052268,-0.0,0
P34152_Y428,-0.0,-0.4653293052583741,0
Q9QYR6_T2182,-0.0,0.1019202596247053,0
Q18PE0_S265,-0.0,0.1374557596351692,0
Q9WUL6_S821,-0.0547639143698108,-1.0003667396229772e-05,0
P22893_S58,-9.082644191215268e-05,0.2111665775789335,6
P22893_S85,1.4811001947148028,0.0746207930926476,4
P62908_T70,-0.0003851149517126,1.2099245580942437,0
Q69Z98_S440,-0.0,0.1585969357702869,0
O55098_T950,0.0652268771849417,-0.0,0
Q5NCY0_T1044,0.0115555835306469,0.050656672619824,0
Q60591_S215,0.0199419413050788,-0.0,0
Q9QVP9_Y881,0.0945925441498595,-0.6987962238481772,0
F6ZDS4_S2223,-0.0369558421399248,0.0009575471466993,0
O70507_S117,-0.3732807229163756,-0.0350719792121204,0
Q61097_S392,0.030108028250282,-0.0,0
P81122_S675,0.0032374296760383,0.888010968441082,0
Q5FWH6_S107,-0.0132620941501471,0.9843769843462526,0
P23819_Y876,0.0542666259437938,0.7233649982027665,0
P15209_Y515,0.0588970137930142,-0.605189613429957,0
Q01815_S1487,0.5388607430294199,0.0001653653403489,0
P30999_S252,0.0051507951142063,-0.0,0
Q5SW75_S21,0.2132641427612646,-0.0088671293103823,0
O55201_S664,0.0,-0.0,0
P18608_S7,2.302139670433993,0.0199419413050788,0
P58771_S283,0.6411493916381437,-0.0005837246425077,0
O88703_Y476,0.0948171513703702,-0.0734822427351939,0
O35161_S2741,-0.0,-2.0814987044772706,0
P26040_T235,0.1220214751166018,0.0244533454409489,0
P28659_S302,0.1927391638144322,-0.8640955252313587,0
Q8BG32_S14,0.0,0.0,0
Q7TSG3_S124,-0.2702169444755716,-0.0,0
P34152_Y397,-0.0,0.0006912341195843,0
Q8BRK8_T172,-1.207272833103801,-0.8502117684139368,0
Q8VDD5_S1803,-0.0,0.0,0
Q9R1E0_S415,-0.0,0.0220978279469915,0
Q06649_Y183,-0.0,-0.0023962203995652,0
P05480_Y424,0.245802089735824,-1.3400241226212078e-05,0
Q09014_S208,0.0524025647906079,-0.0,0
P53564_S1155,-0.0814857813897298,-0.0003456497112377,0
Q505F1_S568,0.0535209481971686,-3.673405556967762,0
Q9EPR4_S640,0.0680326092402401,0.4905306740033961,0
Q8BYJ6_T649,0.7574202338334932,-0.0736486100748295,0
Q9ES52_S173,-0.0,-0.0946443413294889,0
O09127_Y615,0.0,-0.0,0
Q64702_T300,-0.0039532522875645,-0.0618766913621187,0
P70196_S48,1.096049295802791,0.6078070361400877,0
Q91WK7_S14,0.0,0.1401556490308166,0
O35245_T719,0.1960731322620773,0.7779689052012205,0
Q60855_S336,-2.169389292918986,0.0,4
P14753_Y455,-0.0087215912878811,-3.2400505413878062,0
P41164_T139,-0.0062531338852304,0.0067571824848804,0
O08967_S155,-0.0112805224690737,0.0525283570004987,0
O35085_S266,0.0,1.522167887008005,0
P13405_S800,0.464206689039378,-0.0,0
P0DJI6_T93,0.0575664114119136,-0.3375680008960779,0
Q69ZI1_S304,0.1538175869013474,-0.0034235052895215,0
Q01279_T695,-0.0313699714563671,-0.4043514082125699,0
Q9QZR5_Y361,-0.0,0.4559205089161363,0
P27699_S284,-0.0476481376741356,-0.0,0
P25206_S611,-0.028371415373553,-0.0,0
P57780_Y32,0.0318751699777505,0.0128474749663733,0
O35625_S485,0.1516188611840498,0.0572581124848381,0
P62908_T221,-1.278181531433876e-05,0.1523615636877999,0
P28867_S643,-0.0,-0.0,0
Q5HZG4_S229,-0.0,-0.0561824780256321,0
P50571_S409,-0.0079860754465676,0.0032746252437453,0
Q2NL51_S21,-0.0,-0.0,0
P28667_S93,-1.08915649895898,0.0,0
Q61337_S26,0.0331620836153303,0.2604850544074689,0
Q00560_S780,0.0,0.0685935530527238,0
Q02956_S186,0.0137692166930585,0.3087879957256381,0
Q9Z0Z3_S256,1.2846179823380262,-0.0,0
Q03267_S214,0.0006358295856384,0.6615508248487616,0
P09631_T205,0.0,0.3479734223557828,0
P22723_Y411,-0.0,-0.2118800683976664,0
Q68FE6_S875,0.0162663706358979,-2.355728788837492,0
P48678_S525,-0.0,8.369781366584474e-05,0
Q61337_S112,0.0,-0.0,0
Q9ESJ7_S55,0.0182999365501837,-0.0035889709141414,0
Q61026_S736,0.0009093259655809,0.0214478985503442,0
A2ASS6_S12742,0.8361484598194773,0.0003056557629874,0
Q9R210_S468,0.6074622994483235,0.0323006689961269,0
Q8BG48_S348,-0.0,-0.0,0
Q64279_S109,-0.0,-0.2138266037622611,0
Q6ZPF3_T749,0.0735125137982622,-0.3975294549516878,0
Q69Z98_T464,-0.0,0.4717608783757958,0
P55821_S62,-0.0359796042287055,0.9941275045424306,0
Q9QWW1_S216,-0.0923310988292411,-0.0009482830310734,0
P28033_T179,-0.0,0.0336940582809576,0
Q5U5Q9_S402,-1.4294978765469344,-1.339206216419338,0
P11531_S3059,-0.0671103328072852,0.0622852413750526,0
Q921I6_S245,0.3218735033241508,0.9429649511721908,0
P70459_T529,0.8009991366573166,0.6506176815848104,0
P62897_T29,0.0,0.0,0
A2ASS6_S3993,-0.00041892450248,0.1887768248408307,0
Q3U182_S307,-0.1079915532217486,0.0,0
Q80W47_S395,-0.819078071018444,0.0342102605162751,0
O88667_S301,-0.0,-0.0,0
Q5EG47_S184,-0.3285224691814952,0.4184788259908684,0
Q922K9_Y394,-0.1781529491302731,-0.0640438705978251,0
Q02248_S675,-0.0017881978365359,-0.0,0
Q62190_Y1294,-0.0401150009213433,0.0493737290889316,0
O70468_S327,0.0,0.0,0
P25976_S484,-0.0007329872283043,-0.6272026994375725,0
P70271_S119,0.7712145624337547,0.1100115047884922,0
Q91ZP3_S237,0.0,0.0,0
Q61937_S88,-0.0003230111712269,0.0,0
Q9ERR1_S231,0.0077884384459085,0.0,0
P35991_Y223,0.0,0.2598329416398673,0
Q9WU62_T59,-0.7272338610295004,0.0,0
Q61337_S96,0.6554738913735959,0.4568446215785502,0
Q5RJI4_S177,1.2017614145968296,-0.0,0
Q9DCB4_S57,0.4482424999129378,-3.429572079122225,0
Q9ERG0_S360,0.3386686794040758,-0.0,0
P68404_S661,-1.1169885442209204,0.0,0
Q60760_S104,1.6052539177700524,-1.6812828033795567e-05,0
Q925J9_S671,-0.0007389177129013,-0.0023017365205435,0
P63044_S61,-0.0520095099417272,-0.0,0
Q9ESN9_T287,0.7779689052012205,0.0100989730812435,0
P70658_S353,2.380727179395672e-05,0.0507321698884753,0
Q64702_S291,0.7177834883249243,0.6884867033399565,0
P15105_T301,0.357246304693054,0.118982852624372,0
P70671_S171,-0.0236613790618928,-0.182340206446978,0
P17679_S310,0.4301561058211817,0.1038928154302614,0
O08553_T555,1.5573029627334525,1.3058422823855471,0
P13595_Y734,1.0576596054799878,0.1199644806494194,0
Q9ET78_S165,0.776828729802781,-0.1248665198699869,0
Q9QUG9_S116,1.461675319303864,0.7704001631517632,0
P11103_S177,1.7131425702233438,-0.0,0
O70343_T177,0.0843043108438147,-0.0,0
P23804_S254,-0.0020655818209994,-0.0,0
Q9R0Z9_S432,-0.5297304241813929,-0.2342209308774283,0
P15409_S334,-0.0023089616553929,-0.4579178487844189,0
P15655_Y81,-0.0942314187249043,-0.2238720421649878,0
Q8C052_S786,-0.0,-0.1091467091399477,0
P18608_S20,0.146390649647891,0.0848892943405221,0
P70166_S177,-0.0,0.0028820435024505,0
Q02248_S29,0.7552918989568989,-2.4047534539159505,0
Q04899_S66,0.0,-0.0,0
Q61686_S14,-0.3141238645904762,-0.664606111233309,0
P47930_T322,-1.8504996461488417,-0.0451101174316943,0
P42230_S725,0.0,0.0059014684371527,0
Q8VIM5_S812,0.0002312738705238,0.0509666790259013,0
Q02248_S45,-0.0,0.0,0
P81122_Y624,-0.0,-0.0,0
Q60864_T332,0.7414540766023843,0.0438070412098139,0
Q62120_Y1008,0.8555093886957499,0.2325218355506561,0
P46414_Y88,-0.0,0.8570227862569071,0
P48678_S652,-0.0,-0.0494659475578805,0
O35161_S2752,0.0,-0.0,0
P31001_S32,0.0,-0.0108834911532904,0
B2RWS6_S1833,0.0309687726627181,0.0,0
Q61699_S509,0.0918488358194634,0.6466709776402411,0
Q923E4_S649,-0.5573654634184937,0.9317351520746132,0
Q60631_Y160,-0.0327906474230708,0.4547894271155317,0
P98078_S24,0.010138207702296,-0.0265427950074566,0
Q9Z1T6_S327,0.0016414168145989,-0.1998258996696947,0
Q60598_Y475,-0.0,-0.3306228339023212,0
P61014_T17,0.0974933018669497,-0.5905030879684348,0
Q9Z0X4_S290,0.0007341295008952,0.634160311138277,0
Q61337_S136,-1.5500267741179956e-05,-0.1336760885379246,0
P16951_T53,0.1459038155042924,0.7574251238312694,0
Q9EPK8_Y805,0.1030131397890302,0.395026494225809,0
P52927_S100,-0.0,0.0290224008299191,0
Q3THE2_S20,-0.3975294549516878,0.6636150886463313,0
P16872_Y449,-0.2494136246188089,-0.009149025701184,0
P31938_T386,-0.2083406754359937,-0.0427081638419147,0
Q3UCQ1_S389,0.0525283570004987,0.0003867642275081,0
P48985_S309,0.0616557141917921,-0.3460181449592134,0
Q62120_Y918,-0.0,0.0397464984574055,0
O88703_S861,-2.2257603555826218,-1.728951206387154,0
O54918_S100,-0.0,0.7920049178692941,0
P09581_Y697,0.0220978279469915,-0.0191512247822209,0
Q64702_T292,-0.6701389285609594,-0.0,0
P53566_T222,0.2764872699840907,2.1450103351372216,0
Q8VDD5_S1799,-0.676022038211965,-0.0,0
Q9WUL6_T690,-0.2574367501514462,0.2730756627356751,0
O70468_S210,-0.0,0.1238358099043587,0
P62983_T66,0.0,0.0217568035205688,0
Q62190_Y1175,-0.2485571082359822,0.000375012874068,0
Q60875_T114,-0.148935192811991,-0.0,0
Q8R1S4_Y397,-0.1515453281617807,-0.0,0
Q91Y86_S129,-0.0309767694167645,-0.0,0
Q63943_S190,-0.0,-0.0054070577994112,0
Q9EPK8_Y253,0.0,0.0122320888796957,0
O54851_S110,0.2119484635107585,0.803180826286321,0
Q01279_Y871,0.6729100627275535,0.2332445737134124,0
P20263_T343,0.3418266229299648,-0.0765776352489726,0
Q03526_Y517,-0.6999546173954247,0.0663426058415133,0
Q61143_T69,0.0194097556638769,-0.0279059697393573,0
Q9JIM1_S273,0.6902412090141853,0.0139320185113098,0
P20491_Y76,-7.434137233666532e-05,-0.0075409462536568,0
Q4VAA2_Y120,-0.0202470647332618,-0.0,0
P06876_T486,-1.8034989904817984,0.4526669304552818,0
P18052_Y825,0.0958783430917075,0.0029431038513606,0
O54943_S624,-0.0,0.0070645686788441,0
Q9ES28_Y755,0.0,0.0,0
O70475_T474,-0.0,0.2458252263597312,0
P35486_S300,0.1098565930712023,0.1177949406050379,0
Q01279_Y1069,-0.0352620074776261,0.7075807659874533,0
P16056_Y1232,0.0148972668671593,0.0124212828802612,0
P23818_T858,-0.0,0.1455041870906262,0
Q60700_S533,0.7103848913709754,-0.3541841134835093,0
P11881_S1588,0.1011706680628098,0.6321391337358588,0
Q9ES52_S977,-0.1885362172222258,0.0420430189400122,0
Q80YS6_S669,1.1838898133517115,0.303656728795759,0
Q9ES52_S1161,-0.1818365451726659,0.5172410605322951,0
Q8C6M1_S134,-2.4615400964736573,-0.0,0
P48972_S283,-0.9871121744298346,0.0,0
Q9ES52_S1023,0.0025249559164991,-0.0,0
Q9JHG6_T246,0.3806247547152474,0.2433270592434233,0
P49025_Y1237,0.0,1.0017436208476884,0
P70365_S1272,0.3837070625316051,-0.0281475952833168,0
P42225_S708,0.2251606665135206,0.0,0
P48025_Y342,-0.0,-0.5550776689627543,0
Q06806_Y1113,-0.0497178696855838,-0.4713751419661642,0
Q922Y0_Y368,-0.0,-0.178921908608857,0
P20152_S66,-0.0347136630759534,6.256851340451268e-05,0
Q9WTK7_T366,0.1865253773989881,0.0,0
Q640N1_T1003,-0.0705544676916993,-0.0201935817937576,0
Q8BKJ9_T264,-0.0,0.4786552167700098,0
P52927_S101,-0.0492668829949799,1.8253330051058343e-06,0
Q8BRK8_S491,-0.0215893388526777,0.1241282924998036,0
P14602_S15,-2.617390621531629,-0.0313025972860935,5
Q62120_Y966,-0.0,1.067842164441341,0
Q61937_T198,-0.3356541200454521,1.6659440370189402,0
Q02858_Y1100,-2.4881735731185534e-05,-0.5123606612914504,0
O54943_S69,-0.5024414704799711,-0.5792152887097866,0
Q9R210_S462,-0.3124264608786228,-0.9981572555394774,0
Q9JKD8_Y525,-2.7928677766396666,0.0246047252644371,0
Q9QUG9_S117,0.0281225898578879,-0.0202470647332618,0
Q9WUL6_S349,-2.5858524632276563,-0.090950551450882,0
P14602_S86,-0.3834200310825747,-0.0045288411324191,6
P81067_S361,-0.1168794337284726,-0.0,0
Q9JKS4_S265,-0.0,0.0375657828405378,0
O35099_T845,-0.0258313556312358,0.1078766785888928,5
Q61824_Y901,-0.0,-0.0,0
Q9ES52_S935,-0.0021544761636061,0.0404433796092199,0
Q5EG47_S508,-0.0441721929270156,-0.1370169238282132,0
P50571_S434,0.4834693149324419,0.0042493932001674,0
Q91ZD4_S82,-0.4824696257705535,-0.1438267774057174,0
Q61337_T173,-0.0413806394697505,0.0013960476420741,0
Q07174_T290,0.0501753688297862,-0.0128642430831118,0
Q9CPV9_T345,-0.0025375022841954,-0.5378661432290517,7
Q9Z1Z2_S188,0.0,-0.0035528596997852,0
P55821_S73,-0.4527634905289231,0.1889730747623041,0
P35918_Y949,-0.0019479368906532,-0.0024670559721159,0
O08553_T514,0.0,0.4374953128675737,0
Q8CGN5_S492,-0.0463043875947924,0.6434223373151594,0
Q9EQQ9_T709,-0.0,-0.2371808731576456,0
P18654_S227,-0.0,0.5998754037068073,7
Q91V17_Y103,-1.3023594354645416,0.7286010615203244,0
P81122_S1138,-0.7806227683857205,0.0,0
Q9D0A0_S458,0.0527447052086391,-0.0047178305799521,0
Q60795_S347,-2.627732472746044,0.0050281194411419,0
Q99P72_T156,-3.2400505413878062,0.8571592030842486,0
O54918_Y92,-0.1433038543950757,-0.0875013132803177,0
Q9Z1T6_S105,0.0,0.0293715079639441,0
O54851_S293,0.0,-0.0,0
Q80UG8_T813,-0.0854571433221974,0.0137692166930585,0
Q8VIM5_S624,-0.3291030678149848,0.0,0
P35918_Y1052,-0.0,-4.743019987457293e-05,0
Q8K4J6_S371,0.0242272138994137,0.2579434103827934,3
P30999_Y291,-0.0,0.115356299424474,0
P20152_S65,-0.0001610028312572,0.0,0
Q61084_S337,-0.035459012720782,0.454548779525971,0
Q63943_S180,-0.0,0.1210268715668064,0
P19973_S195,-0.1248665198699869,-0.1309159738436381,6
P19973_S243,-0.0,-1.4267623903971651,10
P18654_S386,0.0172312035232767,-0.0041469211757184,7
Q9QZL0_S232,0.0009317021078496,1.24147279430694,0
Q9CQT2_S136,0.075286326606608,0.0411315071142194,4
P22893_S105,0.0,0.0536798979303375,4
Q01815_S1545,-0.0,-0.0,0
Q80YV2_S353,0.1250717515440538,0.0272048410486328,0
P22893_S176,-0.0,-0.3264332333903635,7
P22893_S178,0.4328871453754467,0.0403667027899865,4
Q8R1S4_Y398,-0.0414704517267331,-0.00041892450248,0
P10417_S70,-0.0009836242734054,-0.4244898400842084,0
P28033_T188,1.2883637383499644,0.7751281619582366,7
Q9WUU9_S502,-0.000899778344857,-0.4865311817426889,0
Q09014_S329,-0.0049349774999212,-1.736840433852127,3
O70405_S991,-0.1173509032208864,-0.0,0
P20152_S25,0.0173873622746776,-0.0218484929159736,0
Q9WVS8_S766,-1.5419291813979008,-0.637214191397014,0
P70658_S354,-0.0,-0.6424938972429949,0
A2AJI0_S308,-2.264847603458495,0.0005453612511835,0
Q9CX86_S84,-1.3597310349416516,-2.8557486930660407,6
Q60760_S455,-0.3541601190851926,0.8361484598194773,0
P12023_Y653,0.0,0.0037752921665446,0
P39087_S846,-0.2605963594832409,1.5882414068223698,0
P46099_S50,-0.0,-0.0,0
P58871_T131,-0.0161424622471823,0.2409430321262201,0
Q6A028_Y517,0.00452772742252,0.1324479630779427,0
Q3UNW5_T177,-0.0233867020598081,0.0032374296760383,0
Q9D312_S13,0.5474196309416255,-0.0,6
Q08501_Y532,0.0454500377067986,-0.0,0
P81122_S488,0.4193457153895553,5.251620841508721e-05,0
Q8BKJ9_T256,-0.0,-0.0015558373462015,0
P27699_S156,-0.0508308221969925,0.3345345364212315,0
P41971_S359,-0.0,-2.957801489378548,0
O35927_Y1073,0.1955932005584215,0.0104213612424303,0
Q08460_S692,0.284461341365191,-0.1945766091603843,0
Q8VCD5_T568,0.0885088215614295,0.009823173751747,0
P13405_T819,0.0728558116154553,0.5879446523210528,0
Q3UYC0_S210,-0.0,-4.9866620189014526e-08,0
P56402_S261,0.9722696368211484,-0.0,0
Q6VV64_S264,-0.0016785460062031,0.0079159878039868,0
O09044_S120,-0.0017044664941044,0.0111867202465661,0
Q3UGS4_T30,6.92784207783565e-06,0.6431581320646229,0
Q9QYY0_Y407,-0.0056796390937867,0.1841949393303809,0
P80314_S260,-0.0021832072437168,0.2989662534886133,0
P31750_Y315,-2.754551216035568,-0.4195342609258446,0
Q60598_Y466,0.0,0.0024424562306272,0
Q505F1_S461,-0.0,-0.2910152365645346,0
Q80Y83_S250,0.0034565423251004,0.2715932479130341,0
Q9CQF4_S106,-2.4929297369636485,9.221073202832972e-05,0
P28700_S61,-0.0405401312110505,-0.0,0
P34056_S258,-0.0,-0.0056796390937867,0
P81122_S616,0.0507321698884753,-3.254821849057186,0
P49710_Y405,0.0051135783997752,0.0041907376100825,0
P46414_T183,0.0062662355964191,-0.0,0
O08605_T34,-0.0,-1.6778728185919338,0
P25206_S732,-9.405909702692408e-05,-0.5688870895439786,0
O88809_S332,0.0296451256966419,0.0948171513703702,0
P97474_T90,0.0,0.0676740046595029,0
P38532_S415,-0.1656576333435821,-0.0,0
O70405_S415,0.4758650475016595,-1.0550943916131543,0
Q8BH43_T470,-0.1077112005912244,0.0100760636319934,0
P28028_S766,-0.0020735299327661,-0.5361760502637754,0
P22646_Y181,-0.0001908574319526,0.7444604357408069,0
P20491_Y65,0.0003414092619037,0.006318482758479,0
Q9R0Z9_Y702,0.02068503167367,-0.7258336664367647,0
P15209_S478,-0.0,-0.261310609951195,0
P50752_T216,0.0343507245928189,2.9759561847692275,0
O54851_S315,-0.00748006387901,-0.671037367234411,0
O54943_T868,-1.5153368559622693,0.0,0
Q9QZW9_S78,0.0,0.3742943775735325,0
P28738_S176,-0.0071992189066215,-0.0,0
P24529_S40,0.0,0.0734587860607824,0
Q6ZPF3_S782,-0.0,1.7051265475766355,0
Q03137_Y779,-0.727006086014521,0.0658784864696871,0
Q8CIS0_S649,0.0063573424903937,0.1746180248745925,0
Q62120_Y913,-0.0,-0.2482390041008612,0
Q8N7N6_S147,0.0046713308011395,0.449147392492282,0
P46414_S178,-0.0,-0.0044674649320738,0
O54943_S776,-0.0002079934716811,-0.0,0
O70405_T653,-1.32434577943485,1.140084306850454,0
Q99K10_S839,-0.1810927012753773,0.0,0
O70405_S638,-0.0,0.0,0
P97287_T144,-0.0,0.0,0
P53564_S1232,0.0067277144310528,-0.0,0
P53566_S21,-0.0002741264096992,-2.1576508891006347,0
P30051_S102,-0.393903156068223,-0.0887326633239198,0
P67778_Y114,-0.0927711894527402,0.0138456322708932,0
O88351_S705,0.0456431683113654,0.100027327120902,0
Q9CQJ7_S162,-0.0035889709141414,-0.2065113806022619,0
Q9R1E0_S467,-0.3691212500137506,0.0,0
P15806_S527,-1.421871153302549,-0.0,0
P97461_S24,-0.0,0.0,0
Q8CBD1_Y418,0.0,-0.0,0
Q60760_S503,0.7730623511783936,0.0326903653119641,0
Q8BVP5_T215,-0.0,0.0,0
P34152_Y861,0.26009356540885,0.0542954370434376,0
P70451_Y715,-0.0,-0.165449078259983,0
P62509_S179,0.0,0.0324229089122749,0
Q02956_S113,0.0032023604572865,-0.8335999683204811,0
Q9JJZ4_S184,0.0203794120484336,0.1221035491916694,7
Q5EBG6_S16,0.0006701057221604,0.0236520196633035,0
Q61502_T251,0.1914087190622554,-2.259658260393641,0
P56726_T597,0.1992885424046606,0.0,0
Q9WUL6_S48,1.3058422823855471,0.4655555941674772,0
Q66T02_S92,1.9133324672421888,-0.0720983277692271,0
O35927_T454,0.696411092425089,0.1138723853306901,0
Q9Z1S8_S591,0.6022884163022209,-0.0,0
P20152_S72,0.0342102605162751,0.0535105457713057,0
P25206_S112,0.9778743338744856,0.1253736006653101,0
Q0VGY8_S1561,1.1555708208801367,-0.5351831344708983,0
Q8C3Q5_S306,-0.0191086366121331,0.369647828145427,0
Q8BFV3_S390,0.0095721029702505,0.1455265282935121,0
P97431_S424,0.0363817344724305,0.2734976946169926,0
Q9ES52_S972,1.4836115892505943,-0.3900037742363463,0
Q9JKV2_Y159,0.129034628597818,0.1578093569231692,0
Q9Z2B5_T799,0.5433836431077241,0.0136590387964322,0
P28700_T167,0.2433270592434233,-0.8388551155670938,0
B2RWS6_S2364,0.1356716168987988,1.6622982346578408,0
Q6ZWR6_S1389,0.0549424219611566,0.0109861185705687,0
Q9QVP9_Y402,-1.768927514696049,0.4894493459424266,0
P47930_S200,0.1748997349070997,0.0,0
O70343_S572,0.093972421606089,-0.0953347973641644,0
O88935_S9,0.0428213833303284,0.276548154393165,0
P08046_S26,-0.204437051455426,-0.0,0
Q62120_Y1007,-0.2007434536664291,-0.0661493484289108,0
Q8VI36_S250,-1.6778728185919338,0.7371231493944119,0
Q03145_Y773,0.3794082419404281,0.9437331420412876,0
Q9ESJ7_T236,2.0324669200141403,0.0065014239396353,0
P49919_S19,0.1134109906726538,0.7856985899340494,0
B2RWS6_S1733,-0.3575061807727521,-0.0624798490100818,0
P54254_S751,0.1103495337340984,-0.0321152137004505,0
Q61937_T95,-0.019823767846602,-0.0,0
P01108_S373,-1.6926620598252955,-0.0290749008366731,0
Q03173_S236,0.7739582476181464,-1.298170532466305,0
Q04735_S95,0.719818807404488,0.0007054952738433,0
Q3UV55_T275,0.0671982511986757,-0.2371138587951266,0
Q9EQW6_S13,0.0403047052916168,0.0059485269746669,0
Q8C3Q5_S430,0.0,-0.0120708822033465,0
P99024_S172,1.300268180387078,0.1145958888125453,0
P48972_T519,0.0003729647026603,0.708701993866433,0
Q6R891_S15,0.0241152144726869,0.6135187716065374,0
P06876_S12,-0.0,0.0,0
Q80TQ2_S414,0.0100644722287016,-2.196646772288723,0
O54724_S169,0.0167735031790819,-0.0166022403164658,0
Q9QYC0_S724,-0.4999798819347389,-2.4376122283810013,0
Q9QUI0_S188,-0.6193468886238839,-1.3880727340373695,0
P51150_S72,0.1667180197911575,1.1640904180757587,0
P31938_T286,0.2702764383890511,-2.265470517225372e-07,0
P39447_S168,0.5172410605322951,0.1717944443687433,0
Q9ES52_Y918,0.0,-1.0801855496002442,0
Q62176_S193,0.0,-0.0039532522875645,0
Q6P9Q4_T1174,-0.671037367234411,0.0,0
P63015_T373,1.1962937586554026,1.1256278605398058,0
P26040_T567,0.257330706282747,0.0161611967884856,0
Q8VI36_S126,0.0286000534150866,-0.0,0
P38532_S121,0.0011466045687872,-0.1037129291285957,0
Q9QVP9_Y580,0.1889208960621791,0.4546516943594855,0
Q9WTQ5_S273,0.1443214781649871,-0.0,0
Q923U0_Y457,0.1515058671112893,-0.0,0
P70218_S171,0.1939492737835762,-0.0543417191673766,0
Q9Z1M4_T228,0.3934763167180896,-2.4881735731185534e-05,0
P49710_Y388,-0.0,0.1988041409646556,0
Q9R207_S433,0.0376547528791968,-0.4497983740244899,0
Q60707_S623,0.527019521644313,-0.1541719477050143,0
Q6ZWX6_S52,-4.547509008781354e-06,0.1381470584060556,0
Q9CXW3_T184,0.3028548315560788,-0.0638431013207048,0
Q03147_S164,0.0421798590329645,0.0003447678442548,0
P70460_S317,0.0811503822441669,-0.0,0
P58871_T1025,0.0809965412518302,-0.0,0
Q60867_S266,0.2359484304070332,0.0,0
Q9Z0F8_Y702,0.0218397527991385,0.4585661258175365,0
Q9R0M6_S179,0.8327948757124349,0.407252615244402,0
Q80UG8_S1136,-2.359138409938044,0.0035726329124682,0
P35991_Y617,-2.507235977932621,-0.4618465921199134,0
Q5S006_S935,-0.0126680172599631,-0.000899778344857,0
P23818_S863,-0.1604474724438064,0.0752594474601623,0
P55284_Y685,-0.0,-0.1620235227279152,0
O35927_S300,-0.0410518806510552,0.0021309276008564,0
P20152_Y117,0.1714510160655045,-0.0,0
P68404_T634,0.1859441518886429,-0.0365793827454376,0
Q99N69_Y72,1.5496113160691944,0.0310369758967534,0
Q9Z1T6_T309,-0.0002717024849981,-0.0268253347121727,0
P35991_Y551,-0.3340711629564429,-0.1072121620864129,0
P37238_T296,-1.6334979054563503,-0.3458692429187778,0
Q61743_T341,0.006593849725121,0.474010480144734,0
Q8BUR4_T1772,-0.1071168504723728,-0.0,0
Q8BYJ6_S348,0.5472807211670228,2.292705611631925,0
P52785_S532,-7.0192490103161485e-06,-0.0081978221322294,0
P62962_S57,-0.1732329124776715,0.0,0
P23772_S308,0.477133208787867,0.1467206221892424,0
Q9Z1S8_S211,0.0111867202465661,0.1919064301955591,0
Q9Z1X4_T315,-0.0,0.0823262679157213,0
Q00342_Y592,0.9928229423042216,0.0,0
P70218_Y379,0.0007719998788254,-0.1124860844835748,0
Q64314_S337,0.2974155457033612,-0.0974111285293061,0
P39428_S139,-1.47723267034996,-2.107859258869337,0
P29351_Y536,0.5164652166868564,0.0266221368619103,0
Q6P9R2_T185,-0.937718479606764,0.0104342085831533,0
Q9D411_T197,2.292705611631925,0.0040026003481697,0
Q9D2Y4_S345,1.4428615701952134,-0.5675847885465826,0
Q0VBL6_S184,0.5532818641244968,0.7177834883249243,7
Q8BGD7_T423,0.0404433796092199,0.7420728563827665,0
O54781_T485,-0.3232645731648477,1.1002302956035377,0
Q8R4B8_Y132,0.0042438404745747,-1.0753106023000605,0
Q60949_T253,0.0114378026039652,0.1507412247059469,0
Q9CZA6_Y279,-0.0072378405237104,0.0260170457252611,0
Q5EG47_S494,0.061545752890065,0.1841892325592169,0
Q3UVX5_S1158,-0.2956456459271436,0.2713406189679624,6
P67778_Y259,0.0637035318443141,0.1322858912732439,0
P08103_Y409,0.7218031391664617,0.0051670126494131,0
Q60855_S321,0.0823262679157213,0.1992885424046606,4
P22893_T250,0.0134221107050172,-0.0,6
Q9WTL8_S97,0.0100760636319934,-0.0,0
Q61337_T94,-0.0,-0.1597271844699755,0
O88447_S520,-0.1604647523092236,0.0,0
O54943_S797,0.5773947576836285,0.0002433603815129,0
Q811L6_S1436,0.0021749129437432,0.0,0
P22893_T84,0.2623719219365759,-0.0458362753723866,2
P48787_S43,-0.0,0.0229140393020964,0
O08599_T574,0.3158278520432473,0.2075873387122645,0
Q8VBU8_S347,0.4780496892155645,-0.0195745668502849,0
Q8BHL3_S647,0.0124212828802612,0.2660436656427252,0
P15919_S528,-0.0005140977649839,-1.4831364179685167,0
Q03267_S101,0.0,-0.1030737976195853,0
P27699_S84,-0.0968973398589287,-0.1248030248102283,0
O35491_T343,0.0055228862168259,-0.0,0
Q9CQF4_S116,0.0618193522003994,0.6916351440517667,0
Q9JK48_T145,-0.0,0.6054350714470685,0
O54943_T800,1.1118378926386057,-0.0453949335272417,0
P49717_S87,0.2727686586137829,0.0214083419231452,0
Q99LW6_S166,-0.0,-1.4890888463044765,0
P18911_S379,0.4175778109906111,-0.0,0
P50516_S384,-0.000714238334327,0.0001187233037358,0
Q91X84_S370,0.0,-0.9424710871621864,0
P97318_Y232,-1.2843829911788174,0.0104346989255723,0
P18654_S369,5.918535759739082e-06,-0.0,0
Q69Z98_S456,0.0386578846404763,0.4834693149324419,0
P97461_S34,0.3640907708257266,0.0160697901798521,0
P97287_S140,-0.011459670463152,0.0,0
O88477_S181,-1.4433744430608229,0.0,0
Q8CFI0_S371,-0.6949249045627576,-2.2841597993959963,0
P35569_S789,0.0062724843667834,-0.0267683439357832,0
Q62318_S824,-0.0,-1.2251285399761316,0
Q923E4_S434,-0.8233104796597164,-1.4275050475004857e-08,0
Q61069_S262,-0.3810086084255977,0.4556597420456794,0
Q8K3H5_S332,-0.4789864688154895,-0.0,0
Q91Y86_T183,0.0192303235214469,0.0,0
Q9QX11_Y382,0.1312244232232207,-1.1953363798701555,0
O70468_S302,-0.7262132288678869,0.1473952541233572,0
P41969_T369,-1.645502847914443,0.0998707967104995,0
O08599_Y473,-0.8267468206421454,-1.278181531433876e-05,0
O70405_S1047,0.0017939785164318,-0.0,0
P37238_Y78,-0.0114879353803073,-0.0313718395482577,0
Q923U0_Y392,-0.0,-0.0058262601170764,0
P52480_Y105,-0.001200400635071,0.133093349004841,0
O88643_S21,0.1329564871216862,0.2566803079745522,0
Q9WTU0_S651,-0.0,-0.5357182997252985,0
Q9QYY0_Y590,0.0,0.1541094100543845,0
E9Q401_S2813,-0.0001316712670313,0.3638611679991835,0
Q9WU42_T1718,-0.0,-0.0,0
P20152_S21,0.0317691248834485,0.0,0
Q6ZQ58_T278,9.103935148860249e-05,0.0443955928851126,0
Q9Z1W9_S382,-0.0330051858333354,-0.0,0
Q9QYB1_S108,0.7658356664995631,0.0083896528676899,0
P10637_S701,-0.0101405411833788,-0.027001879396874,0
Q9ERT9_T35,-0.0,-0.0008346811726467,0
Q3U2S4_S332,-3.310544841147617,1.068600021769454e-05,0
Q5D1E7_S513,0.7196531176361757,-0.0,0
O55022_S181,-0.0003481132327678,-0.171985675420582,0
P09803_S855,-0.0075293809412321,-0.0,0
Q569Z6_S243,0.0721918531408077,0.1026996834960004,0
Q62388_S1987,0.3351988620813128,-0.3303420051366775,0
P42227_S727,0.0,0.1977187791673262,0
Q8BGW1_S249,0.0690353244823951,0.8983091534908547,0
P11798_T305,-3.254821849057186,0.1103495337340984,0
P18911_S68,-3.154212351511173,0.0019006621987084,0
P28867_Y523,-0.0,0.2745948965477323,0
Q61097_S434,0.781386695582967,-0.1198630182205176,0
P70444_T58,0.6909701096605129,-0.9852578773275068,0
Q08460_S1112,0.0985537626430203,-0.0981750515784477,0
Q8CHY6_S96,0.0,-0.1023555208498696,0
P48025_Y317,0.0078211116605511,0.0413586755387556,0
Q61084_S166,0.0211409132555345,-0.0,0
